;"Abrantes";"Beja";"Braganca";"Castelo Branco";"Coimbra";"Elvas";"Evora";"Faro";"Fratel (estacao submersa)";"Funchal";"Junqueira";"Juromenha (estacao submersa)";"Lisboa";"Meimoa";"Penhas Douradas";"Pocinho (estacao submersa)";"Ponta Delgada";"Portalegre";"Porto";"Sines"
"01/07/2023 00:00";34.9;23.6;31.5;109.0;68.6;87.1;42.4;28.6;10.9;40.9;73.2;30.2;63.5;;138.0;21.4;82.5;98.2;131.0;42.0
"01/07/2023 01:00";34.6;23.9;31.6;110.0;68.6;86.8;42.2;28.8;11.1;40.3;73.5;30.3;63.6;;137.0;21.6;82.5;97.9;131.0;42.0
"01/07/2023 02:00";34.8;24.1;32.5;110.0;69.7;88.1;42.3;28.4;11.3;40.5;74.5;30.3;62.9;;137.0;21.6;81.4;97.6;133.0;42.0
"01/07/2023 03:00";35.3;23.8;31.8;109.0;70.5;88.4;42.6;28.2;11.2;40.7;75.7;30.4;64.1;;138.0;21.5;81.2;97.5;133.0;42.1
"01/07/2023 04:00";35.3;24.0;32.5;109.0;71.5;88.5;42.8;28.2;11.2;40.6;75.2;30.3;63.9;;137.0;21.5;81.4;97.8;133.0;42.1
"01/07/2023 05:00";36.2;24.1;32.7;109.0;73.2;88.2;42.9;28.6;11.1;40.4;75.7;30.3;64.0;;137.0;21.6;81.2;97.5;135.0;42.2
"01/07/2023 06:00";36.4;24.1;32.6;109.0;73.3;89.3;43.1;28.4;11.1;40.6;75.9;30.4;64.1;;137.0;21.5;81.3;98.0;136.0;42.5
"01/07/2023 07:00";37.7;24.3;32.1;109.0;74.0;88.7;43.8;29.4;10.9;40.6;75.5;30.4;63.7;;136.0;21.5;81.0;96.7;136.0;42.5
"01/07/2023 08:00";37.7;25.2;31.5;109.0;74.2;87.8;45.1;29.0;10.8;40.6;73.1;30.4;64.1;;137.0;21.5;81.4;98.2;137.0;42.9
"01/07/2023 09:00";37.4;25.2;30.9;107.0;74.9;86.9;44.6;27.9;10.8;40.6;72.7;30.2;64.0;;138.0;21.5;81.6;98.7;134.0;42.9
"01/07/2023 10:00";37.4;24.7;30.7;106.0;75.1;86.7;44.8;27.6;10.8;40.5;72.9;30.3;64.6;87.7;139.0;21.4;83.5;98.4;135.0;42.9
"01/07/2023 11:00";36.6;24.3;30.1;106.0;76.6;86.2;43.0;26.6;11.0;40.3;72.3;30.3;64.6;86.3;141.0;21.5;82.4;98.3;134.0;42.8
"01/07/2023 12:00";35.0;23.9;29.9;105.0;74.5;85.5;42.7;26.7;11.0;40.6;72.2;30.4;65.1;85.5;141.0;21.5;83.0;97.8;133.0;42.3
"01/07/2023 13:00";36.2;24.2;30.3;105.0;73.2;85.6;42.9;26.9;11.3;40.5;72.4;30.3;65.0;84.7;141.0;21.4;83.5;98.3;132.0;42.6
"01/07/2023 14:00";39.8;23.5;30.3;105.0;72.3;85.1;42.4;26.5;11.4;40.5;72.2;30.3;64.8;84.4;140.0;21.1;83.5;97.4;132.0;42.5
"01/07/2023 15:00";40.2;23.7;30.9;106.0;70.5;85.0;42.0;27.0;11.5;40.9;72.1;30.3;64.6;84.5;139.0;21.0;84.2;97.2;132.0;42.1
"01/07/2023 16:00";39.5;23.7;30.9;105.0;69.8;85.1;42.0;27.0;11.5;40.3;72.4;30.4;64.8;84.2;139.0;21.3;84.3;97.7;131.0;42.3
"01/07/2023 17:00";38.2;23.8;30.7;106.0;68.9;85.9;41.9;27.6;11.5;40.9;71.9;30.4;64.4;84.4;138.0;21.0;83.4;97.2;131.0;42.6
"01/07/2023 18:00";37.1;23.4;30.8;105.0;69.1;85.3;42.5;28.0;11.6;40.7;73.5;30.4;64.5;84.3;138.0;21.1;82.7;97.2;132.0;42.3
"01/07/2023 19:00";36.1;24.2;30.9;106.0;68.6;85.9;44.4;27.3;11.5;40.1;73.1;30.2;64.3;85.8;140.0;21.4;83.3;97.1;132.0;42.7
"01/07/2023 20:00";35.7;24.1;31.1;107.0;68.9;86.0;44.8;27.7;11.6;40.1;73.1;30.1;63.8;85.9;140.0;21.3;83.6;97.4;131.0;42.0
"01/07/2023 21:00";35.6;24.1;31.0;108.0;68.4;86.0;43.8;28.3;11.6;40.3;72.7;30.3;63.1;86.7;141.0;21.3;82.4;96.9;132.0;41.4
"01/07/2023 22:00";36.0;24.0;31.3;108.0;68.1;86.8;43.5;28.5;11.5;40.4;72.9;30.3;64.1;;140.0;21.2;81.8;97.0;134.0;41.6
"01/07/2023 23:00";36.1;24.0;32.6;108.0;68.0;88.2;43.2;28.7;11.4;40.4;72.8;30.2;63.4;;139.0;21.1;82.2;98.3;133.0;41.6
"02/07/2023 00:00";35.6;23.8;31.8;109.0;68.7;87.5;43.2;28.6;11.5;40.4;73.4;30.3;62.9;;140.0;21.5;81.8;98.3;134.0;41.5
"02/07/2023 01:00";35.4;23.4;31.2;110.0;69.0;88.4;43.0;29.1;11.4;40.5;74.6;30.2;63.7;;138.0;21.4;81.8;98.4;135.0;42.0
"02/07/2023 02:00";35.9;23.4;31.1;111.0;68.7;89.0;42.5;29.7;11.4;40.5;75.1;30.4;63.7;;139.0;21.5;81.8;97.9;136.0;42.0
"02/07/2023 03:00";36.2;23.5;31.6;111.0;69.8;89.5;43.0;30.1;11.5;40.4;72.9;30.3;64.1;;139.0;21.6;81.6;97.6;135.0;41.4
"02/07/2023 04:00";37.3;23.6;31.2;110.0;69.6;89.2;42.7;29.0;11.3;40.6;72.2;30.4;63.7;;139.0;21.5;82.1;97.8;137.0;41.7
"02/07/2023 05:00";37.6;23.7;30.6;109.0;70.4;88.9;43.2;28.2;11.2;40.9;72.2;30.2;63.7;;138.0;21.4;81.6;97.4;137.0;41.7
"02/07/2023 06:00";38.6;24.1;30.3;109.0;71.7;89.6;43.9;27.7;11.1;40.7;71.9;30.3;63.8;;137.0;21.6;81.3;96.8;138.0;41.7
"02/07/2023 07:00";38.4;24.4;30.7;110.0;71.1;91.2;44.2;27.2;10.9;41.1;72.4;30.4;63.8;;138.0;21.5;82.7;97.2;137.0;42.5
"02/07/2023 08:00";37.8;24.2;30.6;109.0;71.3;91.6;44.8;27.0;10.8;40.4;72.0;30.3;64.5;;140.0;21.4;81.0;99.1;137.0;42.1
"02/07/2023 09:00";39.1;24.3;30.2;108.0;72.8;89.9;45.4;26.7;10.7;40.9;72.4;30.4;65.6;;140.0;21.5;81.4;101.0;136.0;42.7
"02/07/2023 10:00";38.8;24.8;30.3;107.0;74.8;89.6;44.8;26.4;10.6;41.0;72.9;30.3;64.6;89.1;140.0;21.6;85.2;100.0;137.0;42.3
"02/07/2023 11:00";37.6;24.4;30.2;107.0;73.1;87.9;44.4;26.8;10.7;40.2;72.0;30.4;65.0;86.7;142.0;21.6;83.0;99.5;137.0;42.7
"02/07/2023 12:00";36.7;24.2;30.4;106.0;71.8;87.7;43.6;26.5;10.7;40.2;71.9;30.4;65.2;85.4;140.0;21.3;85.2;100.0;136.0;42.9
"02/07/2023 13:00";36.2;23.7;29.7;106.0;72.2;86.5;43.1;26.4;10.6;40.3;72.8;30.4;65.4;85.4;140.0;21.2;85.3;99.9;135.0;42.4
"02/07/2023 14:00";35.7;23.4;30.0;105.0;72.6;86.7;42.6;26.3;10.6;40.9;72.4;30.3;65.1;84.8;142.0;21.0;82.9;99.4;134.0;42.3
"02/07/2023 15:00";36.1;23.3;30.5;106.0;72.6;86.7;41.9;26.5;10.5;40.2;73.4;30.4;65.7;84.9;140.0;21.1;84.1;98.9;134.0;43.0
"02/07/2023 16:00";36.8;24.1;30.5;108.0;71.5;87.1;42.7;25.9;10.5;40.2;73.2;30.4;65.4;89.8;141.0;21.0;85.5;98.4;134.0;42.8
"02/07/2023 17:00";37.5;23.8;30.9;108.0;71.7;87.1;43.1;26.5;10.5;40.3;73.4;30.4;65.3;112.3;140.0;21.1;84.6;98.2;132.0;42.6
"02/07/2023 18:00";37.1;23.6;30.4;107.0;71.2;86.7;43.4;26.7;10.5;40.3;73.7;30.4;64.7;109.3;141.0;21.3;85.2;98.6;132.0;42.5
"02/07/2023 19:00";36.7;23.5;30.6;107.0;69.2;87.1;43.3;26.7;10.4;40.5;74.3;30.3;64.5;93.5;139.0;21.3;84.1;99.4;131.0;42.7
"02/07/2023 20:00";36.8;24.1;31.5;107.0;68.5;88.1;43.4;26.4;10.4;40.5;74.2;30.3;63.6;;140.0;21.6;83.4;99.7;131.0;42.4
"02/07/2023 21:00";36.2;24.1;31.9;107.0;67.7;87.8;43.2;26.6;10.4;40.1;74.1;30.3;63.3;;138.0;21.5;82.5;98.3;131.0;42.0
"02/07/2023 22:00";35.4;24.1;32.7;107.0;68.5;87.4;43.3;26.8;10.4;40.5;73.9;30.2;63.7;;138.0;21.2;82.6;98.3;131.0;41.8
"02/07/2023 23:00";34.4;24.3;31.7;108.0;68.2;87.5;42.9;27.4;10.3;40.6;74.0;30.2;63.3;;137.0;21.4;82.3;98.5;131.0;42.1
"03/07/2023 00:00";33.9;23.9;30.5;107.0;68.1;87.8;43.0;27.6;10.2;40.7;74.6;30.3;63.0;;138.0;21.4;82.0;97.9;131.0;41.8
"03/07/2023 01:00";33.9;23.7;30.6;107.0;68.1;87.7;43.2;28.6;10.2;40.5;74.8;30.3;62.9;;138.0;21.3;81.3;98.0;131.0;41.6
"03/07/2023 02:00";33.5;24.2;30.7;108.0;67.6;87.7;42.5;28.5;10.2;40.4;75.1;30.3;63.0;;138.0;21.4;82.3;98.0;131.0;41.7
"03/07/2023 03:00";34.3;24.3;30.7;109.0;68.1;87.8;42.8;28.8;10.1;40.6;73.4;30.2;62.8;;140.0;21.3;81.6;98.7;131.0;41.8
"03/07/2023 04:00";33.4;23.7;30.3;108.0;68.2;88.6;44.0;29.5;10.1;40.5;72.6;30.4;62.9;;140.0;21.6;82.2;98.2;131.0;41.4
"03/07/2023 05:00";33.4;23.5;30.3;107.0;67.5;87.6;44.7;29.1;10.1;40.7;72.7;30.3;62.7;;140.0;21.5;81.9;98.7;132.0;41.6
"03/07/2023 06:00";33.5;23.0;30.1;111.0;68.2;87.1;44.0;30.0;10.0;40.8;72.4;30.3;63.0;;139.0;21.4;82.4;97.4;132.0;41.4
"03/07/2023 07:00";33.9;23.7;30.1;111.0;68.7;86.0;44.0;29.3;10.0;40.8;72.5;30.4;62.8;;139.0;21.4;82.9;98.3;132.0;41.2
"03/07/2023 08:00";34.1;23.3;29.9;109.0;68.3;86.7;42.9;29.1;9.8;40.8;72.6;30.2;62.0;;141.0;21.5;82.4;101.0;132.0;41.9
"03/07/2023 09:00";35.2;23.0;29.6;110.0;68.1;86.0;42.3;27.4;9.8;40.3;73.2;30.3;63.0;;141.0;21.4;82.0;99.8;132.0;41.9
"03/07/2023 10:00";35.0;23.1;29.6;109.0;68.2;86.1;42.4;26.7;9.8;40.3;73.9;30.2;62.9;93.5;143.0;21.4;82.1;99.1;132.0;41.7
"03/07/2023 11:00";35.2;22.7;29.8;107.0;69.4;85.1;42.1;27.1;9.7;40.4;73.3;30.5;62.7;89.6;141.0;21.3;82.0;97.7;132.0;41.6
"03/07/2023 12:00";34.8;22.3;30.2;106.0;69.5;85.3;41.9;26.9;9.6;40.2;73.7;30.2;63.4;90.0;141.0;21.5;82.6;97.1;132.0;41.4
"03/07/2023 13:00";34.8;22.3;30.8;105.0;69.9;85.2;41.2;26.6;9.5;40.7;73.1;30.2;63.2;90.7;141.0;21.3;82.5;96.9;131.0;41.6
"03/07/2023 14:00";35.2;22.5;31.4;106.0;69.7;85.3;41.3;27.3;9.6;40.3;73.4;30.4;63.4;89.3;141.0;21.5;82.7;96.5;131.0;41.1
"03/07/2023 15:00";36.5;22.0;31.5;105.0;70.9;85.5;41.3;27.3;9.4;40.2;74.2;30.3;63.0;89.2;142.0;21.2;85.6;96.9;131.0;41.5
"03/07/2023 16:00";36.2;22.0;31.3;105.0;69.3;84.7;41.1;28.5;9.4;40.4;73.8;30.1;62.7;89.1;142.0;21.1;85.3;96.8;131.0;41.1
"03/07/2023 17:00";35.7;22.1;31.7;105.0;68.7;85.6;41.0;27.7;9.3;40.4;73.4;30.2;62.9;88.3;141.0;21.0;85.0;97.8;130.0;41.5
"03/07/2023 18:00";35.2;21.7;31.4;105.0;68.3;85.2;42.1;27.0;9.3;40.6;73.2;30.3;63.4;87.5;141.0;21.3;84.5;97.9;130.0;41.3
"03/07/2023 19:00";34.2;21.8;31.1;105.0;67.8;86.6;42.2;27.0;9.2;40.5;74.1;30.1;63.2;85.8;139.0;21.3;83.5;98.4;129.0;41.3
"03/07/2023 20:00";33.8;22.8;31.1;105.0;67.2;87.3;41.3;27.2;9.2;40.3;73.1;30.1;62.8;86.0;138.0;21.4;83.6;98.2;129.0;41.0
"03/07/2023 21:00";33.4;22.6;31.0;105.0;67.0;86.7;41.1;26.7;9.1;40.4;73.4;30.1;62.5;;138.0;21.4;83.4;97.4;130.0;40.9
"03/07/2023 22:00";33.1;22.7;31.0;105.0;67.2;85.8;40.5;27.1;9.0;40.1;73.2;30.1;61.6;;139.0;21.4;82.5;97.3;130.0;40.9
"03/07/2023 23:00";32.8;22.8;31.1;105.0;66.9;85.3;41.0;27.2;9.0;40.8;74.5;30.2;62.2;;137.0;21.3;82.7;96.7;130.0;40.7
"04/07/2023 00:00";33.1;22.7;32.0;105.0;67.2;85.8;41.0;26.6;9.0;40.3;74.4;30.0;62.5;;138.0;21.5;82.8;97.2;129.0;40.6
"04/07/2023 01:00";32.5;22.6;32.3;106.0;66.9;84.8;40.4;26.1;9.0;40.7;75.2;30.1;62.8;;138.0;21.8;83.2;97.6;130.0;41.1
"04/07/2023 02:00";32.7;22.4;32.9;106.0;66.9;85.2;40.4;26.2;8.9;41.1;77.7;30.2;62.3;;138.0;21.6;82.3;97.6;130.0;40.6
"04/07/2023 03:00";32.9;22.0;33.4;106.0;66.8;85.1;40.7;26.6;8.8;40.7;79.3;30.1;62.7;;137.0;21.6;82.8;98.1;131.0;40.9
"04/07/2023 04:00";32.7;22.3;33.9;106.0;67.2;84.5;40.5;26.8;8.8;40.7;77.3;30.1;62.0;;137.0;21.6;82.7;98.2;131.0;40.2
"04/07/2023 05:00";32.8;22.0;34.5;106.0;67.7;85.8;40.1;26.0;8.8;41.3;76.4;30.2;62.6;;138.0;21.4;82.5;97.7;130.0;40.7
"04/07/2023 06:00";33.3;22.2;34.1;106.0;69.2;85.5;40.6;26.8;8.8;41.3;76.3;30.0;62.6;;138.0;21.5;82.6;97.3;133.0;40.5
"04/07/2023 07:00";33.2;22.1;34.8;105.0;68.4;85.4;40.8;26.3;8.7;41.1;77.6;30.2;62.0;;137.0;21.4;82.6;97.5;132.0;40.6
"04/07/2023 08:00";33.1;22.3;35.0;107.0;68.1;85.3;40.7;26.7;8.7;40.5;76.0;30.1;62.6;;137.0;21.6;82.0;99.3;131.0;40.6
"04/07/2023 09:00";33.3;21.9;32.5;107.0;67.8;85.7;40.5;26.9;8.7;40.3;75.6;30.2;62.8;;138.0;21.6;83.3;98.7;132.0;40.6
"04/07/2023 10:00";33.6;21.9;31.7;106.0;68.6;85.3;41.0;26.5;8.7;40.4;75.2;30.3;62.0;87.8;138.0;21.8;82.3;97.9;133.0;40.6
"04/07/2023 11:00";33.7;22.1;31.2;105.0;67.9;86.0;41.1;26.8;8.7;40.8;75.6;30.1;62.5;85.7;138.0;21.4;86.1;97.8;132.0;40.6
"04/07/2023 12:00";34.0;21.7;31.3;105.0;68.5;84.7;41.1;26.4;8.7;40.3;74.9;30.3;62.3;86.3;138.0;21.6;83.3;96.7;132.0;40.2
"04/07/2023 13:00";33.4;22.0;31.7;104.0;68.2;85.0;41.1;26.7;8.6;40.0;74.9;30.1;62.0;86.5;139.0;21.4;85.8;97.7;130.0;40.6
"04/07/2023 14:00";33.4;21.5;31.9;105.0;68.3;85.4;41.0;26.3;8.7;40.3;75.3;30.1;62.5;85.9;139.0;21.3;85.1;96.8;130.0;40.3
"04/07/2023 15:00";33.9;21.8;32.0;105.0;68.1;85.4;41.2;26.4;8.6;40.0;75.1;30.2;62.5;86.4;141.0;21.3;84.7;96.7;130.0;40.4
"04/07/2023 16:00";33.1;21.7;31.7;105.0;68.0;85.4;41.1;25.9;8.6;40.7;74.8;30.2;62.4;87.8;141.0;21.2;83.0;97.2;130.0;40.7
"04/07/2023 17:00";33.4;21.5;31.8;105.0;68.3;85.5;40.5;25.9;8.7;40.4;74.5;30.2;62.5;87.6;142.0;21.3;86.1;97.2;129.0;40.6
"04/07/2023 18:00";33.2;21.6;31.8;106.0;68.3;85.2;40.6;26.6;8.5;40.4;74.0;30.2;62.2;86.7;141.0;21.4;85.3;97.1;130.0;40.7
"04/07/2023 19:00";33.4;21.9;32.1;106.0;67.3;85.0;40.6;26.5;8.7;40.6;74.1;30.3;62.5;87.3;141.0;21.5;84.4;98.1;129.0;40.4
"04/07/2023 20:00";32.9;22.0;31.6;106.0;67.1;85.5;40.8;26.7;8.7;40.7;73.1;30.2;62.8;87.8;140.0;21.5;84.0;97.6;129.0;40.5
"04/07/2023 21:00";32.9;22.0;31.9;107.0;67.6;85.0;40.5;26.8;8.6;40.6;72.4;30.1;62.7;;139.0;21.7;83.4;97.9;130.0;40.3
"04/07/2023 22:00";32.5;21.7;31.5;106.0;66.8;85.7;40.9;26.7;8.6;40.5;72.8;30.1;62.6;;138.0;21.6;83.5;97.1;129.0;41.0
"04/07/2023 23:00";32.8;22.0;31.1;106.0;67.1;85.5;41.0;26.6;8.6;40.6;73.6;30.1;62.3;;139.0;21.6;83.9;98.3;130.0;41.0
"05/07/2023 00:00";32.8;22.3;31.6;107.0;68.6;85.8;40.8;27.0;8.7;40.5;74.0;30.2;62.4;;138.0;21.7;83.7;98.9;131.0;40.7
"05/07/2023 01:00";33.0;22.3;31.8;109.0;68.6;86.4;40.7;26.9;8.7;40.5;74.3;30.1;62.3;;138.0;21.5;83.2;97.7;132.0;41.0
"05/07/2023 02:00";33.2;22.5;33.5;110.0;67.9;87.5;40.7;26.3;8.7;40.8;74.3;29.9;62.8;;138.0;21.6;83.0;98.8;133.0;40.9
"05/07/2023 03:00";33.7;22.5;33.8;111.0;68.4;87.4;40.8;26.9;8.7;40.9;74.9;30.2;62.5;;137.0;21.7;83.2;99.0;135.0;40.6
"05/07/2023 04:00";33.3;22.6;35.0;111.0;69.0;87.8;40.9;26.7;8.8;41.3;75.8;30.1;62.6;;139.0;21.8;83.0;99.0;136.0;40.8
"05/07/2023 05:00";34.3;22.6;35.2;110.0;70.2;88.3;40.8;27.4;8.7;41.2;76.4;30.1;62.3;;140.0;21.7;83.5;99.2;137.0;40.5
"05/07/2023 06:00";34.0;22.4;34.8;109.0;70.5;88.4;41.3;27.6;8.7;41.4;76.8;30.2;62.4;;140.0;21.6;83.1;99.1;137.0;40.9
"05/07/2023 07:00";34.8;22.6;33.8;109.0;69.9;88.3;41.8;27.2;8.6;41.1;75.9;30.0;62.6;;139.0;21.7;83.6;100.0;139.0;40.5
"05/07/2023 08:00";35.3;22.8;33.6;108.0;70.7;88.8;42.5;26.9;8.7;40.4;75.0;30.2;62.4;;138.0;21.5;82.9;104.0;138.0;40.6
"05/07/2023 09:00";35.7;23.1;32.6;108.0;72.8;89.1;43.0;27.2;8.6;40.5;73.6;30.2;62.6;93.9;139.0;21.4;82.3;108.0;137.0;41.2
"05/07/2023 10:00";36.5;23.2;32.5;108.0;71.5;89.0;43.8;26.7;8.6;40.6;73.7;30.1;63.0;91.4;140.0;21.6;82.4;108.0;136.0;40.7
"05/07/2023 11:00";36.2;23.3;31.0;106.0;70.8;88.8;43.9;26.9;8.6;40.5;74.5;30.3;63.3;88.5;143.0;21.6;83.1;104.0;133.0;41.0
"05/07/2023 12:00";36.6;22.9;30.4;107.0;71.2;89.3;43.2;26.7;8.6;40.5;73.5;30.2;63.1;87.7;145.0;21.6;87.8;102.0;133.0;41.3
"05/07/2023 13:00";36.0;22.2;29.6;106.0;71.4;88.8;41.6;26.6;8.5;40.4;72.4;30.1;62.8;87.1;144.0;21.5;84.3;99.8;132.0;40.8
"05/07/2023 14:00";36.0;22.0;30.7;106.0;68.8;86.5;41.6;26.4;8.6;40.5;72.8;30.2;62.7;86.6;147.0;21.3;86.3;98.4;131.0;40.8
"05/07/2023 15:00";36.4;21.6;31.1;106.0;68.3;85.7;41.3;26.2;8.6;40.3;73.0;30.2;62.7;86.0;149.0;21.3;84.0;97.9;131.0;40.8
"05/07/2023 16:00";35.0;22.0;31.3;109.0;67.2;85.8;41.6;25.8;8.6;40.1;73.9;30.0;62.4;88.4;147.0;21.3;82.6;98.1;129.0;41.0
"05/07/2023 17:00";33.7;21.9;31.4;107.0;68.1;86.0;41.6;26.1;8.6;40.6;75.3;30.1;63.2;91.2;145.0;21.4;87.5;97.8;130.0;40.8
"05/07/2023 18:00";33.0;22.0;31.9;106.0;68.0;86.7;41.3;26.5;8.7;39.9;75.3;30.2;62.7;91.6;143.0;21.4;85.3;98.2;130.0;40.3
"05/07/2023 19:00";33.1;22.3;32.3;105.0;67.1;86.4;41.3;26.6;8.6;40.1;75.8;30.2;62.1;91.2;142.0;21.6;85.8;97.7;130.0;40.8
"05/07/2023 20:00";33.3;22.2;32.2;106.0;67.5;86.3;41.3;27.5;8.7;40.1;74.9;30.2;62.5;91.4;140.0;21.6;84.6;98.1;129.0;41.1
"05/07/2023 21:00";32.9;21.9;32.5;105.0;67.1;85.5;41.0;27.0;8.7;40.7;74.8;30.3;62.4;;141.0;21.6;83.8;97.3;129.0;41.0
"05/07/2023 22:00";32.9;22.1;32.3;106.0;67.4;85.3;41.0;26.9;8.6;40.3;74.9;30.1;62.4;;139.0;21.4;82.9;96.9;129.0;40.8
"05/07/2023 23:00";32.8;21.9;32.1;106.0;67.2;85.4;40.7;26.4;8.7;40.5;74.5;30.2;62.1;;138.0;21.6;83.6;97.8;129.0;40.9
"06/07/2023 00:00";33.2;22.5;33.8;106.0;67.8;85.3;40.9;26.3;8.8;40.1;76.8;30.1;62.4;;138.0;21.5;83.9;97.5;131.0;40.4
"06/07/2023 01:00";32.9;21.8;34.0;106.0;67.5;84.6;40.7;26.5;8.7;40.7;76.5;30.3;62.6;;138.0;21.6;84.0;97.8;130.0;41.0
"06/07/2023 02:00";32.9;22.4;34.4;106.0;67.7;85.3;41.0;26.8;8.8;40.1;76.8;30.2;63.1;;139.0;21.8;83.5;99.7;130.0;40.9
"06/07/2023 03:00";33.1;22.1;36.1;107.0;68.0;85.4;40.5;27.1;8.7;40.5;76.7;30.2;62.5;;138.0;21.6;84.1;99.2;130.0;40.9
"06/07/2023 04:00";32.9;22.0;36.6;108.0;67.3;85.4;40.4;26.7;8.8;40.3;77.0;30.2;63.5;;138.0;21.5;84.0;99.7;132.0;40.9
"06/07/2023 05:00";32.8;21.9;36.7;107.0;67.6;86.4;40.3;26.8;8.7;40.8;79.3;30.2;61.9;;138.0;21.7;84.0;100.0;131.0;40.6
"06/07/2023 06:00";32.8;21.8;36.9;106.0;67.6;86.1;40.6;26.9;8.8;40.6;82.9;30.2;62.1;;138.0;21.7;83.8;100.0;132.0;40.7
"06/07/2023 07:00";33.4;22.0;36.5;107.0;68.4;85.5;41.2;26.4;8.7;40.4;82.4;30.1;61.9;;137.0;21.7;84.0;100.0;133.0;40.8
"06/07/2023 08:00";33.6;22.1;35.8;111.0;68.1;86.2;40.9;26.3;8.8;40.6;79.6;30.2;62.6;;138.0;21.7;82.3;100.0;132.0;40.6
"06/07/2023 09:00";34.0;22.3;35.2;110.0;68.5;86.6;41.0;26.4;8.8;40.6;78.3;30.0;62.7;;141.0;21.6;83.3;102.0;131.0;41.2
"06/07/2023 10:00";34.3;21.8;33.5;108.0;68.1;86.8;41.2;27.0;8.8;40.4;75.3;30.1;62.2;89.4;140.0;21.6;83.1;102.0;132.0;40.9
"06/07/2023 11:00";33.9;21.6;33.1;107.0;68.7;87.4;41.1;26.3;8.9;40.2;75.1;30.1;62.5;88.1;142.0;21.5;87.0;101.0;132.0;40.8
"06/07/2023 12:00";34.4;22.0;31.8;106.0;68.8;87.1;40.8;26.5;8.8;40.4;76.0;30.2;63.0;87.4;142.0;21.5;86.1;99.1;131.0;40.9
"06/07/2023 13:00";34.0;21.8;30.5;105.0;68.8;86.1;40.9;26.1;8.8;40.0;75.6;30.2;62.1;86.6;143.0;21.4;85.7;97.4;131.0;40.9
"06/07/2023 14:00";34.2;22.0;31.5;105.0;68.4;85.9;41.2;26.6;8.8;40.2;73.4;30.1;62.6;85.8;143.0;21.2;87.7;97.0;130.0;40.5
"06/07/2023 15:00";33.5;21.6;30.8;106.0;68.2;85.5;40.8;26.2;8.8;40.3;74.4;30.2;62.4;86.2;142.0;21.1;84.1;96.8;130.0;40.6
"06/07/2023 16:00";33.2;21.9;32.1;105.0;68.2;85.6;40.7;26.2;8.9;39.8;76.1;30.2;63.0;85.5;141.0;21.5;86.2;97.4;131.0;40.3
"06/07/2023 17:00";33.0;22.0;32.6;105.0;67.8;85.2;40.8;26.6;8.8;40.1;76.3;30.2;62.7;84.9;141.0;21.7;90.1;96.6;130.0;40.2
"06/07/2023 18:00";32.9;21.7;33.4;106.0;68.2;85.1;41.6;26.3;8.8;40.4;75.7;30.2;62.4;85.5;140.0;21.7;86.8;97.2;130.0;40.6
"06/07/2023 19:00";33.0;21.2;33.6;105.0;68.0;85.7;41.0;26.4;8.8;40.2;75.0;30.1;62.4;84.7;141.0;21.9;86.8;97.4;131.0;40.9
"06/07/2023 20:00";33.0;21.8;33.5;104.0;67.4;85.3;40.5;26.9;8.9;40.4;74.5;30.1;62.2;85.1;141.0;22.0;86.1;97.4;130.0;40.9
"06/07/2023 21:00";32.9;22.2;33.1;105.0;67.8;84.9;40.6;26.9;8.8;40.1;74.9;30.1;63.2;;141.0;21.9;85.4;97.1;130.0;40.8
"06/07/2023 22:00";32.8;22.2;32.9;105.0;67.7;85.1;40.5;26.9;8.9;40.6;75.4;30.1;62.4;;141.0;21.9;84.9;96.8;130.0;40.6
"06/07/2023 23:00";33.0;22.2;34.2;105.0;67.8;84.7;40.6;26.6;9.0;40.4;77.0;30.1;61.8;;140.0;22.0;84.6;97.3;130.0;40.1
"07/07/2023 00:00";33.4;22.1;34.9;106.0;68.0;85.2;40.3;26.9;9.0;40.2;78.1;30.0;62.8;;141.0;22.0;85.8;97.3;130.0;40.3
"07/07/2023 01:00";32.9;22.3;35.9;107.0;68.3;85.7;40.8;26.5;9.0;40.8;80.2;30.2;62.8;;140.0;22.2;85.2;96.2;130.0;40.8
"07/07/2023 02:00";32.8;22.6;37.4;107.0;68.5;85.7;41.3;26.9;9.0;40.9;79.5;30.2;63.1;;141.0;22.0;85.9;97.2;131.0;40.7
"07/07/2023 03:00";33.3;22.4;38.4;108.0;69.7;86.4;40.5;26.6;8.9;41.3;81.1;30.1;62.3;;142.0;22.0;85.0;96.5;134.0;41.1
"07/07/2023 04:00";33.5;22.1;37.0;109.0;71.9;85.7;40.9;26.8;9.0;40.9;84.2;30.0;62.8;;142.0;22.1;85.9;96.9;134.0;41.1
"07/07/2023 05:00";33.5;22.3;35.3;111.0;72.5;86.7;41.2;27.0;9.0;40.8;84.7;30.0;62.3;;142.0;22.1;85.9;97.1;135.0;40.7
"07/07/2023 06:00";34.1;22.3;33.8;112.0;72.2;86.9;41.3;26.9;9.1;40.3;84.2;30.0;62.7;;141.0;22.2;86.0;96.8;135.0;40.8
"07/07/2023 07:00";33.6;22.3;34.2;115.0;71.9;86.2;41.9;26.5;9.0;40.7;85.6;30.0;62.7;;142.0;22.1;83.9;97.6;134.0;41.1
"07/07/2023 08:00";34.0;22.3;34.0;110.0;70.8;85.7;42.0;26.7;9.0;40.9;83.1;30.2;61.7;;144.0;22.2;83.3;102.0;133.0;40.9
"07/07/2023 09:00";33.2;22.4;33.6;110.0;70.1;86.0;41.4;26.8;9.0;40.3;80.6;30.0;62.3;;144.0;22.0;82.9;99.7;132.0;40.7
"07/07/2023 10:00";33.6;22.1;33.3;108.0;69.9;86.1;40.9;27.4;9.1;40.5;79.6;30.0;62.6;88.7;144.0;22.1;81.8;98.6;130.0;40.7
"07/07/2023 11:00";33.2;21.8;33.1;106.0;68.6;86.1;41.4;26.7;9.3;40.4;77.9;30.2;62.1;87.8;142.0;21.8;84.2;98.2;130.0;40.8
"07/07/2023 12:00";33.5;21.3;33.0;106.0;67.8;86.4;41.0;27.1;9.3;40.3;79.6;30.2;62.8;88.0;143.0;21.9;82.9;96.9;130.0;41.1
"07/07/2023 13:00";32.8;21.4;32.7;105.0;67.2;86.2;40.5;27.1;9.2;40.2;77.7;30.1;62.2;85.4;143.0;21.9;83.4;97.0;130.0;40.8
"07/07/2023 14:00";32.8;21.4;34.0;104.0;67.5;84.9;40.9;26.7;9.3;40.6;76.1;30.2;62.3;85.5;141.0;21.9;82.7;97.0;130.0;40.4
"07/07/2023 15:00";32.7;21.2;32.7;105.0;67.2;85.9;40.5;26.4;9.2;40.8;75.1;30.1;62.0;84.1;140.0;21.7;81.8;97.0;130.0;40.8
"07/07/2023 16:00";32.5;21.3;33.5;104.0;66.8;84.9;40.4;26.5;9.2;40.5;74.2;30.1;62.6;85.2;139.0;21.8;82.5;97.0;129.0;40.5
"07/07/2023 17:00";32.4;21.0;30.7;104.0;67.7;85.1;40.6;26.2;9.2;40.1;72.5;30.1;63.0;84.7;138.0;21.8;81.8;96.0;129.0;40.6
"07/07/2023 18:00";32.4;21.6;30.2;104.0;68.3;85.5;40.6;26.7;9.2;40.3;72.2;30.2;62.7;83.8;139.0;21.9;86.6;96.2;130.0;40.3
"07/07/2023 19:00";32.6;21.3;29.7;105.0;67.3;84.9;40.4;26.5;9.1;39.9;72.3;30.1;62.7;83.9;139.0;22.0;85.0;97.1;129.0;40.7
"07/07/2023 20:00";32.6;21.6;30.8;105.0;67.6;85.2;40.4;26.0;9.1;39.9;72.6;30.1;62.6;;139.0;22.1;83.3;96.9;129.0;40.6
"07/07/2023 21:00";32.8;21.3;30.0;105.0;67.5;84.7;40.5;26.6;9.1;40.5;73.0;30.0;62.6;;139.0;22.2;82.6;97.0;129.0;40.4
"07/07/2023 22:00";33.2;21.3;30.6;105.0;67.1;85.0;40.9;26.3;9.1;40.0;73.7;30.1;62.8;;139.0;22.1;81.9;97.0;129.0;40.3
"07/07/2023 23:00";32.8;21.5;30.5;106.0;67.6;85.0;41.1;26.2;9.2;40.3;75.1;30.0;62.7;;139.0;22.2;81.8;97.1;131.0;40.6
"08/07/2023 00:00";33.2;21.5;30.4;106.0;67.6;85.0;41.1;26.5;9.1;40.6;76.2;30.1;62.7;;138.0;22.1;81.7;97.0;129.0;40.2
"08/07/2023 01:00";33.3;21.2;30.0;106.0;68.8;85.3;40.6;25.7;9.2;40.9;75.8;30.1;63.1;;139.0;22.0;81.9;97.0;130.0;40.6
"08/07/2023 02:00";33.2;21.5;30.3;106.0;69.0;85.6;41.1;26.5;9.1;41.1;78.5;30.0;62.1;;139.0;22.2;81.6;96.3;129.0;40.4
"08/07/2023 03:00";33.8;21.4;30.6;106.0;68.7;85.2;41.6;26.5;9.3;40.8;80.8;30.1;62.5;;139.0;22.1;82.0;97.3;127.0;40.8
"08/07/2023 04:00";35.2;21.2;31.0;106.0;69.0;85.6;41.8;26.6;9.2;40.9;81.3;30.1;62.9;;139.0;22.0;82.1;97.1;126.0;40.9
"08/07/2023 05:00";36.0;21.5;31.1;106.0;69.3;85.4;41.4;26.8;9.3;40.1;83.0;30.0;62.6;;139.0;22.1;81.9;97.2;125.0;40.4
"08/07/2023 06:00";36.1;21.7;31.9;105.0;69.5;84.6;41.3;26.8;9.1;40.5;82.4;30.0;63.2;;139.0;22.1;80.9;96.3;126.0;40.7
"08/07/2023 07:00";35.2;21.7;31.9;105.0;68.3;84.8;40.5;26.6;9.2;40.2;80.1;30.0;63.6;;139.0;22.1;81.5;96.9;125.0;40.5
"08/07/2023 08:00";34.8;21.7;31.9;105.0;68.8;85.5;40.3;26.3;9.1;40.6;77.9;30.0;62.7;;141.0;22.1;80.7;97.3;124.0;40.9
"08/07/2023 09:00";33.1;21.7;31.3;105.0;70.0;85.5;41.1;26.3;9.1;40.9;76.0;30.1;62.5;;143.0;21.9;81.6;97.1;125.0;40.9
"08/07/2023 10:00";32.6;21.5;30.0;105.0;70.2;85.7;40.9;26.5;9.1;40.6;75.0;30.2;62.6;93.6;146.0;22.2;82.9;97.7;125.0;40.7
"08/07/2023 11:00";32.9;21.5;30.7;105.0;67.2;84.9;41.1;26.6;9.0;40.7;74.5;30.1;62.7;89.5;146.0;21.8;83.0;97.4;126.0;40.6
"08/07/2023 12:00";33.1;21.4;30.7;105.0;67.1;85.7;41.1;26.4;9.1;40.5;74.2;30.2;62.8;88.1;146.0;21.8;84.1;97.0;126.0;40.3
"08/07/2023 13:00";33.1;21.3;32.0;104.0;67.2;84.8;40.6;26.5;9.1;40.1;74.2;30.2;62.3;85.5;141.0;21.8;85.6;96.8;126.0;40.6
"08/07/2023 14:00";32.6;21.2;32.5;105.0;67.2;85.1;41.1;26.0;9.0;40.5;73.8;30.2;62.7;84.5;140.0;21.8;84.7;96.1;125.0;40.5
"08/07/2023 15:00";32.6;21.6;32.3;104.0;67.8;84.7;40.4;25.9;9.0;40.3;72.8;30.0;62.7;84.7;139.0;21.7;83.8;97.1;127.0;41.1
"08/07/2023 16:00";32.4;21.0;31.3;105.0;67.6;85.2;40.8;26.2;9.0;40.3;73.3;30.0;63.2;85.1;139.0;21.9;85.3;96.4;126.0;40.9
"08/07/2023 17:00";32.5;21.3;30.2;105.0;67.3;85.6;40.3;26.3;9.0;40.3;72.2;30.3;62.9;84.5;139.0;21.7;86.7;96.8;127.0;40.6
"08/07/2023 18:00";32.9;21.1;30.3;104.0;67.6;85.5;40.5;26.2;9.0;40.3;72.2;30.1;62.8;84.4;139.0;21.8;86.8;97.0;127.0;40.8
"08/07/2023 19:00";32.5;21.4;30.0;104.0;67.3;85.4;40.5;26.3;9.0;40.6;72.6;30.0;62.3;84.4;140.0;21.9;85.3;97.2;125.0;40.4
"08/07/2023 20:00";32.3;21.7;30.5;105.0;67.1;84.6;40.4;26.0;9.1;40.2;72.3;30.0;62.5;;139.0;22.2;84.2;97.3;126.0;40.5
"08/07/2023 21:00";32.5;21.0;30.6;105.0;67.3;85.0;40.9;26.2;9.1;40.2;72.8;30.1;62.1;;140.0;22.1;84.0;97.5;126.0;40.5
"08/07/2023 22:00";32.5;21.6;31.0;106.0;68.0;84.8;41.0;26.4;9.1;40.5;72.8;30.1;62.5;;139.0;22.2;82.9;97.1;126.0;40.4
"08/07/2023 23:00";32.8;21.5;30.5;105.0;67.1;85.9;40.4;26.3;9.1;40.9;74.3;30.1;62.7;;138.0;22.0;83.1;96.6;127.0;40.7
"09/07/2023 00:00";32.3;21.9;31.1;106.0;69.1;85.3;40.9;26.1;9.1;40.6;75.8;30.0;62.3;;139.0;22.1;83.9;96.5;127.0;40.4
"09/07/2023 01:00";33.4;22.0;31.1;105.0;69.2;84.8;40.4;26.3;9.1;41.0;77.1;30.2;63.0;;140.0;22.2;82.9;96.1;129.0;40.5
"09/07/2023 02:00";33.0;21.9;30.1;106.0;69.5;85.3;40.2;26.2;9.2;40.2;78.2;30.0;62.7;;139.0;22.3;83.1;96.9;130.0;40.8
"09/07/2023 03:00";32.8;22.0;30.6;108.0;69.9;84.8;40.9;26.1;9.2;40.4;80.3;30.0;63.3;;139.0;22.2;82.3;96.8;132.0;40.9
"09/07/2023 04:00";33.3;22.3;30.5;111.0;70.3;85.1;40.3;26.6;9.3;40.6;80.3;30.1;62.7;;138.0;22.3;83.2;96.6;131.0;41.1
"09/07/2023 05:00";33.2;21.8;30.8;110.0;71.2;85.1;40.8;26.7;9.3;40.4;80.5;30.1;62.7;;138.0;22.2;83.1;97.1;131.0;41.2
"09/07/2023 06:00";33.7;22.2;31.2;109.0;72.0;84.8;40.3;26.5;9.3;40.5;81.6;30.0;63.1;;139.0;22.2;83.2;97.1;133.0;41.3
"09/07/2023 07:00";33.5;21.8;30.4;111.0;72.0;86.3;40.2;26.7;9.2;41.0;80.4;30.0;62.9;;138.0;22.1;82.9;97.8;136.0;40.9
"09/07/2023 08:00";33.5;21.8;30.5;110.0;72.4;86.5;40.6;26.1;9.2;40.4;77.8;30.1;62.8;;140.0;22.1;82.4;100.0;134.0;41.0
"09/07/2023 09:00";33.6;21.8;31.2;109.0;71.3;86.3;40.8;26.3;9.3;40.1;76.1;30.0;62.7;;143.0;22.2;82.1;102.0;131.0;41.3
"09/07/2023 10:00";34.2;21.5;30.8;109.0;71.2;86.3;41.2;26.4;9.3;40.5;73.8;30.1;63.6;88.2;143.0;22.0;83.2;102.0;128.0;41.4
"09/07/2023 11:00";34.3;21.8;30.8;108.0;69.3;86.3;41.4;26.5;9.4;39.9;73.7;30.1;62.9;86.7;143.0;22.2;86.5;103.0;129.0;41.3
"09/07/2023 12:00";34.4;21.6;30.6;107.0;68.3;85.9;40.9;26.8;9.3;40.5;73.3;30.2;62.3;85.5;144.0;22.2;82.8;101.0;128.0;41.3
"09/07/2023 13:00";33.8;21.7;30.8;107.0;68.7;86.0;41.0;26.2;9.3;40.2;74.6;30.2;62.4;86.9;144.0;22.1;83.9;100.0;128.0;40.7
"09/07/2023 14:00";35.7;21.8;30.2;107.0;67.4;85.3;41.2;26.2;9.4;40.6;74.4;30.2;62.8;87.3;145.0;21.9;84.4;99.5;127.0;41.0
"09/07/2023 15:00";34.2;21.9;30.3;105.0;67.7;85.5;40.9;25.9;9.5;40.2;73.3;30.0;62.9;87.3;144.0;21.8;83.7;98.5;128.0;40.5
"09/07/2023 16:00";34.0;21.6;30.9;106.0;68.2;87.2;40.8;26.2;9.5;40.1;73.4;30.2;62.9;87.5;143.0;21.8;83.3;98.5;128.0;40.7
"09/07/2023 17:00";33.3;21.5;30.9;107.0;68.6;87.2;40.8;26.4;9.4;39.7;73.1;30.3;63.7;87.1;142.0;21.7;83.9;97.8;127.0;40.5
"09/07/2023 18:00";33.4;21.9;31.1;106.0;68.5;86.5;41.6;26.1;9.6;40.4;73.5;30.1;62.9;90.7;144.0;21.7;88.6;98.1;127.0;40.7
"09/07/2023 19:00";33.6;21.9;31.3;106.0;67.4;86.0;41.5;26.4;9.8;40.6;74.2;30.1;62.6;90.2;143.0;22.0;86.8;98.5;127.0;40.5
"09/07/2023 20:00";33.4;22.2;31.9;106.0;67.2;86.3;41.1;27.4;10.0;40.6;74.5;30.1;62.8;;143.0;21.9;85.4;98.4;127.0;41.0
"09/07/2023 21:00";33.1;21.9;32.3;107.0;67.5;85.3;40.9;26.9;10.1;40.7;74.9;30.2;62.4;;143.0;22.2;84.6;98.7;126.0;40.4
"09/07/2023 22:00";33.7;22.3;32.1;108.0;67.8;85.9;40.7;26.6;10.0;40.8;74.8;30.2;62.9;;142.0;22.1;84.3;98.6;127.0;40.7
"09/07/2023 23:00";33.4;22.2;32.9;109.0;67.6;86.0;40.6;26.8;10.1;40.7;75.6;30.0;62.3;;143.0;22.3;84.3;98.7;129.0;40.9
"10/07/2023 00:00";33.7;22.1;33.5;111.0;67.8;85.7;40.9;26.9;10.0;40.4;76.3;30.2;63.0;;144.0;22.0;83.7;101.0;130.0;40.8
"10/07/2023 01:00";33.6;22.3;34.9;112.0;68.4;87.0;40.9;26.7;10.0;40.3;76.1;30.0;62.8;;143.0;22.0;84.3;99.9;131.0;41.0
"10/07/2023 02:00";34.2;22.6;34.8;113.0;69.0;87.7;41.0;27.1;10.0;40.6;76.1;30.1;61.9;;143.0;22.1;84.3;101.0;133.0;41.4
"10/07/2023 03:00";34.0;23.0;35.9;112.0;70.2;88.0;41.2;26.9;10.1;40.9;78.2;30.0;62.4;;142.0;22.2;84.3;101.0;133.0;41.1
"10/07/2023 04:00";34.5;22.9;36.7;113.0;71.7;88.7;42.1;26.8;10.1;40.8;79.4;30.1;62.7;;142.0;22.3;84.3;99.8;135.0;40.8
"10/07/2023 05:00";35.1;22.8;35.7;114.0;72.4;88.8;42.5;27.0;10.0;40.9;80.3;30.2;62.1;;142.0;22.1;83.6;99.5;136.0;41.5
"10/07/2023 06:00";36.2;23.8;35.9;114.0;73.2;89.0;43.2;27.3;10.0;40.8;81.3;30.1;62.8;;141.0;22.3;83.2;99.3;137.0;41.0
"10/07/2023 07:00";36.9;23.8;35.2;111.0;72.9;89.3;43.4;27.2;10.0;40.6;80.9;30.1;62.4;;141.0;22.1;83.3;99.4;139.0;41.1
"10/07/2023 08:00";37.4;24.3;35.1;110.0;73.4;89.8;43.5;27.6;10.1;40.7;79.7;30.3;62.6;;142.0;22.1;83.2;101.0;138.0;41.9
"10/07/2023 09:00";38.4;24.9;33.0;109.0;75.0;89.9;43.7;27.1;10.2;40.8;77.4;30.1;63.0;;143.0;22.2;83.4;105.0;137.0;42.1
"10/07/2023 10:00";38.4;24.8;32.6;109.0;73.8;89.0;43.9;27.2;10.2;40.7;77.1;30.2;62.9;89.5;143.0;22.0;84.9;104.0;138.0;42.1
"10/07/2023 11:00";37.7;24.8;32.3;108.0;73.7;88.1;44.1;27.4;10.1;40.4;75.8;29.9;63.5;87.7;144.0;22.1;84.9;102.0;136.0;42.1
"10/07/2023 12:00";38.3;24.0;31.7;107.0;73.6;87.5;43.5;27.8;10.1;40.4;75.6;30.1;63.0;86.4;143.0;21.7;86.7;100.0;132.0;41.5
"10/07/2023 13:00";37.4;22.9;32.2;106.0;71.5;86.6;42.9;26.9;10.1;40.2;75.0;30.1;62.7;86.5;144.0;21.9;83.9;99.8;130.0;42.3
"10/07/2023 14:00";36.8;22.9;32.6;106.0;70.6;86.8;43.0;27.4;10.1;40.0;75.6;30.1;62.6;86.0;150.0;21.8;85.4;99.3;129.0;41.4
"10/07/2023 15:00";36.3;22.6;32.2;107.0;70.2;87.0;42.4;27.2;10.1;39.9;75.7;30.1;63.4;86.1;152.0;21.7;86.6;98.8;128.0;41.6
"10/07/2023 16:00";36.3;22.6;31.2;107.0;69.3;86.4;42.7;26.8;10.1;40.4;76.0;30.2;62.6;85.9;148.0;21.7;87.2;97.7;128.0;41.5
"10/07/2023 17:00";34.3;22.6;31.4;107.0;67.7;87.0;42.9;27.2;10.1;40.7;76.6;30.1;63.4;86.0;146.0;21.8;84.3;97.9;130.0;41.0
"10/07/2023 18:00";34.5;22.9;32.2;108.0;68.7;86.6;42.5;27.5;10.1;40.3;75.7;30.0;62.6;85.9;146.0;21.7;90.8;99.7;130.0;40.9
"10/07/2023 19:00";33.9;23.3;32.2;109.0;68.1;87.2;41.8;27.4;10.0;40.3;77.3;30.1;62.4;90.5;145.0;22.0;87.9;99.7;129.0;41.6
"10/07/2023 20:00";33.5;23.3;32.4;108.0;67.1;87.1;42.0;27.9;10.0;40.1;77.6;30.3;63.0;;145.0;22.1;86.5;99.1;129.0;41.6
"10/07/2023 21:00";33.4;23.0;33.3;108.0;67.7;86.1;41.8;28.2;10.0;40.3;77.4;30.1;62.9;;146.0;22.0;85.6;97.1;129.0;41.0
"10/07/2023 22:00";33.3;22.8;33.7;107.0;67.2;86.5;40.9;28.0;10.0;40.7;77.6;30.3;62.4;;146.0;22.0;85.4;96.7;129.0;40.8
"10/07/2023 23:00";33.2;22.7;33.7;108.0;67.8;85.6;41.4;27.5;10.0;40.4;78.7;30.0;62.9;;145.0;21.9;85.4;97.1;129.0;41.0
"11/07/2023 00:00";33.2;22.5;35.8;108.0;68.5;85.6;41.5;27.7;10.1;40.9;78.3;30.2;63.1;;145.0;22.1;85.1;97.1;128.0;40.9
"11/07/2023 01:00";32.8;22.6;35.9;108.0;68.4;87.0;41.4;27.5;10.1;41.2;79.8;30.1;62.7;;145.0;22.3;85.3;96.9;128.0;40.8
"11/07/2023 02:00";33.3;22.2;36.6;108.0;68.4;86.7;41.7;27.8;10.2;41.3;82.9;30.2;62.8;;144.0;22.3;85.3;97.7;130.0;40.9
"11/07/2023 03:00";33.1;22.6;37.4;108.0;68.4;86.6;40.8;28.0;10.3;40.9;88.7;30.2;62.7;;141.0;22.4;84.5;97.7;132.0;41.2
"11/07/2023 04:00";32.5;22.5;37.4;109.0;68.2;86.6;41.1;28.4;10.4;41.1;90.9;30.0;62.8;;142.0;22.2;85.0;98.4;133.0;41.1
"11/07/2023 05:00";32.9;22.7;37.0;109.0;68.4;85.8;41.1;28.1;10.3;40.7;92.8;30.0;62.8;;141.0;22.4;85.8;98.8;135.0;41.4
"11/07/2023 06:00";33.3;22.5;38.0;110.0;68.3;86.4;41.2;28.5;10.3;40.6;90.5;30.1;62.8;;140.0;22.4;85.0;97.7;134.0;41.3
"11/07/2023 07:00";33.7;22.2;38.9;109.0;68.6;85.9;41.3;28.2;10.3;41.4;85.9;30.1;62.4;;140.0;22.2;85.1;99.5;134.0;40.9
"11/07/2023 08:00";33.6;21.9;38.8;110.0;69.2;86.9;41.1;27.7;10.3;40.7;84.3;30.2;62.2;;140.0;22.3;84.6;101.0;131.0;41.7
"11/07/2023 09:00";34.0;22.1;36.3;109.0;68.9;86.3;40.6;27.6;10.4;40.6;83.8;30.1;62.6;;140.0;22.2;84.5;101.0;131.0;41.1
"11/07/2023 10:00";33.9;22.2;33.5;108.0;69.5;86.9;40.6;27.4;10.3;41.2;82.7;30.0;62.2;95.1;142.0;22.2;84.7;99.5;130.0;41.1
"11/07/2023 11:00";34.0;22.4;31.9;106.0;68.8;85.7;41.4;27.4;10.3;40.2;82.1;30.1;62.5;91.4;144.0;22.2;83.7;98.6;129.0;41.3
"11/07/2023 12:00";33.6;21.7;30.3;104.0;67.9;85.1;41.2;26.8;10.4;40.2;79.7;30.2;62.6;91.6;144.0;21.9;82.7;97.3;130.0;40.7
"11/07/2023 13:00";32.9;21.9;30.6;105.0;68.4;85.1;40.9;27.5;10.3;40.3;76.0;30.1;62.7;88.5;142.0;21.9;84.4;97.7;129.0;40.9
"11/07/2023 14:00";32.6;21.8;30.4;106.0;67.1;84.6;41.1;27.6;10.3;40.1;75.1;30.1;63.1;86.7;143.0;22.1;86.1;97.2;129.0;41.1
"11/07/2023 15:00";32.9;21.4;32.1;106.0;67.6;84.9;41.0;27.1;10.3;40.9;74.4;30.1;62.4;85.5;141.0;22.0;83.9;97.4;128.0;40.7
"11/07/2023 16:00";32.9;21.9;34.8;105.0;67.3;85.1;41.1;26.7;10.2;40.9;73.8;30.2;62.5;85.5;141.0;21.9;84.8;97.1;129.0;41.1
"11/07/2023 17:00";32.6;21.8;34.5;104.0;67.7;84.6;40.7;26.7;10.1;40.3;74.4;30.2;62.9;85.6;141.0;22.0;87.6;96.7;130.0;40.7
"11/07/2023 18:00";32.5;21.9;34.0;105.0;67.5;84.9;40.5;26.5;10.1;40.7;73.7;30.2;62.4;88.1;141.0;21.9;86.4;96.7;129.0;40.4
"11/07/2023 19:00";32.6;21.7;32.5;105.0;67.5;85.2;40.6;26.6;10.2;40.6;73.7;30.1;62.1;;140.0;22.2;85.7;97.4;128.0;40.9
"11/07/2023 20:00";32.6;22.0;32.9;106.0;67.6;85.0;41.0;26.8;10.2;40.7;74.5;30.1;62.9;;140.0;22.2;84.9;97.2;128.0;40.9
"11/07/2023 21:00";32.7;21.9;33.2;105.0;67.5;85.4;40.6;26.6;10.3;40.1;74.7;30.2;62.3;;140.0;22.3;84.6;97.4;128.0;40.9
"11/07/2023 22:00";32.7;22.4;32.3;106.0;67.4;85.3;40.7;26.7;10.4;40.0;74.1;30.3;62.5;;140.0;22.3;85.0;97.8;129.0;40.7
"11/07/2023 23:00";32.6;22.1;32.0;107.0;67.1;85.0;40.4;26.1;10.3;40.8;74.2;29.9;62.7;;140.0;22.2;84.7;97.4;128.0;40.4
"12/07/2023 00:00";32.6;22.1;32.0;106.0;67.7;85.4;40.7;26.4;10.3;40.8;75.0;30.2;62.4;;139.0;22.2;84.6;97.6;129.0;40.8
"12/07/2023 01:00";32.6;22.2;31.4;107.0;68.5;84.6;40.8;27.2;10.3;41.7;75.1;30.0;62.6;;140.0;22.2;84.0;98.6;129.0;40.6
"12/07/2023 02:00";32.7;22.1;32.2;107.0;67.5;84.9;40.6;26.9;10.4;41.2;74.8;30.1;62.8;;139.0;22.5;84.5;98.5;129.0;41.0
"12/07/2023 03:00";32.7;22.4;32.9;106.0;68.4;85.0;40.9;26.8;10.4;41.0;74.9;30.2;62.7;;139.0;22.4;84.7;98.0;129.0;40.6
"12/07/2023 04:00";32.9;22.2;32.6;107.0;68.3;85.7;40.9;27.0;10.5;41.8;75.1;30.0;62.8;;139.0;22.3;84.7;98.5;131.0;40.7
"12/07/2023 05:00";33.1;22.3;33.6;107.0;68.9;86.0;41.0;27.1;10.6;41.4;76.0;30.3;62.7;;139.0;22.4;84.4;99.0;132.0;41.0
"12/07/2023 06:00";32.5;22.3;35.6;108.0;69.1;85.6;40.4;26.7;10.6;41.3;75.8;30.2;62.3;;139.0;22.3;84.3;99.3;132.0;40.4
"12/07/2023 07:00";32.9;22.2;35.3;107.0;68.5;86.1;40.8;26.7;10.6;41.5;77.1;30.1;62.5;;139.0;22.4;84.1;100.0;132.0;40.8
"12/07/2023 08:00";33.2;22.4;34.8;108.0;67.6;85.9;40.8;26.2;10.5;41.2;77.0;30.1;62.3;;141.0;22.2;83.6;99.7;130.0;40.9
"12/07/2023 09:00";32.8;22.1;33.6;107.0;68.2;86.4;41.2;26.4;10.5;41.4;78.4;30.2;62.4;;139.0;22.2;84.4;99.1;128.0;40.8
"12/07/2023 10:00";33.6;21.8;32.1;107.0;68.7;86.0;40.8;26.6;10.6;40.7;78.4;30.2;63.5;88.3;140.0;22.1;84.6;99.1;127.0;40.8
"12/07/2023 11:00";33.4;21.9;31.4;107.0;68.6;86.2;41.1;26.9;10.6;41.1;77.9;30.2;62.2;87.5;140.0;22.3;83.9;99.6;129.0;40.9
"12/07/2023 12:00";33.2;21.5;30.4;106.0;67.8;86.2;41.1;26.9;10.6;40.8;76.5;30.1;63.2;86.6;141.0;22.1;82.3;98.3;129.0;41.0
"12/07/2023 13:00";33.2;21.7;29.4;105.0;67.6;85.7;40.6;26.2;10.6;40.2;74.6;30.2;62.1;87.2;142.0;22.3;84.0;97.7;129.0;40.5
"12/07/2023 14:00";33.2;21.9;30.0;105.0;67.9;85.8;41.2;26.5;10.6;40.5;73.9;30.1;62.1;86.0;143.0;22.0;83.9;97.8;130.0;40.7
"12/07/2023 15:00";33.0;21.9;30.8;105.0;67.9;85.4;40.5;26.6;10.6;40.7;73.8;30.2;62.5;87.4;142.0;22.0;87.3;97.3;129.0;40.7
"12/07/2023 16:00";32.9;21.7;31.0;105.0;67.2;85.2;41.3;26.3;10.7;40.8;73.6;30.2;62.2;87.6;142.0;21.7;89.1;97.5;129.0;40.3
"12/07/2023 17:00";32.6;21.7;31.2;105.0;67.7;85.7;40.5;26.4;10.6;40.8;73.4;30.1;63.5;87.4;140.0;21.9;88.3;97.6;130.0;40.6
"12/07/2023 18:00";33.1;21.5;30.9;105.0;68.1;85.8;40.7;26.3;10.6;40.5;73.6;30.3;62.2;86.0;141.0;22.0;85.8;97.4;128.0;40.6
"12/07/2023 19:00";32.3;22.0;31.6;104.0;67.8;84.8;40.7;26.7;10.6;40.8;73.6;30.3;62.7;;141.0;22.1;85.3;97.3;129.0;40.6
"12/07/2023 20:00";32.8;21.8;31.7;105.0;67.4;85.0;40.5;26.8;10.5;40.8;74.0;30.3;62.8;;141.0;22.3;84.9;97.5;129.0;40.4
"12/07/2023 21:00";33.1;21.9;32.1;105.0;67.3;85.4;40.6;26.6;10.6;40.7;73.7;30.2;63.2;;141.0;22.2;84.5;97.7;128.0;40.8
"12/07/2023 22:00";32.7;21.9;32.3;105.0;66.9;85.5;40.3;26.4;10.6;41.1;74.1;30.0;62.7;;139.0;22.2;84.2;97.7;129.0;40.7
"12/07/2023 23:00";32.8;22.1;32.2;105.0;67.7;85.3;40.7;26.2;10.6;40.5;73.9;30.2;62.1;;139.0;22.2;84.2;97.6;130.0;41.3
"13/07/2023 00:00";33.2;22.0;32.1;106.0;67.7;85.3;40.6;26.8;10.6;41.4;75.0;30.2;62.5;;139.0;22.2;84.0;97.3;130.0;41.1
"13/07/2023 01:00";33.5;22.1;31.6;107.0;67.9;85.4;40.5;26.3;10.5;41.7;74.7;30.3;63.0;;140.0;22.3;84.2;97.5;131.0;41.3
"13/07/2023 02:00";33.7;21.8;33.2;107.0;68.2;85.6;40.6;26.4;10.4;41.6;74.5;30.1;62.6;;139.0;22.2;84.0;97.8;133.0;41.3
"13/07/2023 03:00";33.4;22.6;34.5;110.0;68.0;85.9;41.1;26.3;10.4;41.8;74.5;30.3;62.5;;140.0;22.3;85.1;97.9;134.0;40.8
"13/07/2023 04:00";33.4;22.2;34.9;111.0;68.1;86.0;40.7;26.3;10.4;41.9;75.2;30.1;62.7;;140.0;22.2;84.1;99.8;134.0;40.8
"13/07/2023 05:00";33.6;22.4;34.2;111.0;70.2;86.8;41.1;26.0;10.4;41.9;76.5;30.2;62.3;;139.0;22.2;84.1;100.0;136.0;40.9
"13/07/2023 06:00";33.5;22.2;33.7;111.0;69.8;87.1;41.5;26.4;10.3;41.5;76.8;30.2;62.8;;140.0;22.3;84.4;99.9;137.0;40.8
"13/07/2023 07:00";34.0;22.3;33.2;111.0;69.0;87.0;41.3;26.2;10.3;42.0;76.6;30.2;62.6;;140.0;22.5;83.5;99.4;140.0;40.9
"13/07/2023 08:00";33.9;23.0;32.7;109.0;69.4;87.6;42.0;25.8;10.3;41.8;75.7;30.2;62.6;;139.0;22.3;83.3;101.0;138.0;41.0
"13/07/2023 09:00";34.4;22.6;32.2;110.0;70.9;87.4;43.1;26.7;10.3;41.2;75.5;30.1;63.3;;140.0;22.3;83.7;101.0;138.0;41.4
"13/07/2023 10:00";34.2;22.3;31.5;109.0;70.9;86.9;42.0;26.9;10.3;40.9;75.1;30.1;63.3;90.5;141.0;22.1;82.5;99.1;136.0;41.2
"13/07/2023 11:00";33.8;22.1;30.8;109.0;69.4;86.7;41.5;27.0;10.2;40.7;74.4;30.2;62.5;89.4;141.0;22.2;86.0;98.8;134.0;41.3
"13/07/2023 12:00";33.9;22.5;30.9;109.0;69.1;87.3;41.4;27.3;10.0;41.2;73.3;30.1;62.7;88.5;141.0;22.1;82.7;99.1;134.0;40.9
"13/07/2023 13:00";34.2;22.7;30.1;107.0;68.4;88.5;41.2;26.1;10.0;40.7;72.9;30.2;63.2;87.9;143.0;22.0;85.3;98.3;133.0;41.2
"13/07/2023 14:00";34.0;22.6;30.7;107.0;68.3;87.9;41.2;26.4;10.0;40.1;73.6;30.1;62.9;87.7;145.0;22.0;84.2;98.8;132.0;41.4
"13/07/2023 15:00";33.4;21.9;31.5;106.0;70.5;86.6;40.8;26.8;9.9;40.7;75.6;30.2;63.4;88.1;147.0;22.0;83.5;99.0;131.0;41.2
"13/07/2023 16:00";33.3;21.8;29.8;105.0;69.6;86.2;41.0;26.4;9.9;40.7;75.9;30.1;63.4;88.8;146.0;22.0;83.5;98.3;131.0;40.9
"13/07/2023 17:00";33.9;21.5;30.0;106.0;68.9;85.8;41.1;26.3;9.8;40.7;76.7;30.3;63.6;90.4;146.0;22.0;85.0;98.1;131.0;40.6
"13/07/2023 18:00";34.3;21.8;30.8;106.0;69.4;85.4;40.9;26.1;9.9;40.8;75.4;30.2;63.3;91.5;144.0;22.0;90.2;97.8;130.0;41.1
"13/07/2023 19:00";33.8;21.7;30.9;106.0;67.9;85.7;41.4;26.3;9.8;40.5;74.2;30.2;63.0;;144.0;22.0;86.1;97.5;130.0;40.8
"13/07/2023 20:00";33.7;22.2;31.4;106.0;67.9;85.5;41.2;27.1;9.7;41.1;75.2;30.1;63.1;;143.0;22.0;85.2;97.9;131.0;40.5
"13/07/2023 21:00";33.8;21.5;31.9;107.0;68.3;85.8;41.4;26.6;9.7;40.8;76.6;30.1;62.6;;142.0;22.3;83.8;98.9;130.0;40.5
"13/07/2023 22:00";34.0;22.5;33.5;106.0;68.2;86.4;41.2;26.7;9.6;40.9;80.1;30.0;62.7;;143.0;22.2;84.3;98.1;130.0;40.7
"13/07/2023 23:00";33.8;21.9;33.7;106.0;68.3;86.2;40.6;26.2;9.5;40.6;83.2;30.1;62.0;;141.0;22.3;84.4;99.0;131.0;41.0
"14/07/2023 00:00";33.2;22.4;33.6;107.0;68.6;85.6;40.8;26.4;9.5;40.9;84.8;30.2;62.7;;140.0;22.3;84.1;98.1;132.0;40.9
"14/07/2023 01:00";33.7;22.3;33.6;106.0;70.0;85.7;40.7;26.5;9.4;40.7;85.3;30.2;63.4;;141.0;22.3;83.8;98.5;133.0;41.0
"14/07/2023 02:00";33.2;22.7;34.4;106.0;70.4;85.6;41.0;26.7;9.3;41.3;82.7;30.1;62.6;;140.0;22.3;83.6;97.9;133.0;41.2
"14/07/2023 03:00";33.5;22.2;33.8;106.0;70.7;86.6;40.9;26.3;9.4;41.2;84.9;30.2;62.9;;140.0;22.3;83.2;97.7;134.0;40.9
"14/07/2023 04:00";33.7;22.4;33.8;106.0;71.5;86.6;40.9;26.9;9.4;41.0;85.9;30.2;62.8;;140.0;22.4;83.5;98.2;135.0;41.2
"14/07/2023 05:00";33.4;22.5;32.9;106.0;71.0;87.1;41.2;26.3;9.3;41.1;85.5;30.3;62.7;;139.0;22.4;83.6;97.8;136.0;41.0
"14/07/2023 06:00";32.8;22.7;33.8;106.0;70.6;85.7;41.0;26.9;9.3;41.8;86.9;29.9;62.6;;139.0;22.3;83.7;98.4;135.0;41.2
"14/07/2023 07:00";32.7;22.4;34.0;106.0;70.1;85.2;41.2;25.9;9.4;40.9;87.1;28.5;62.8;;140.0;22.3;83.5;99.2;134.0;41.2
"14/07/2023 08:00";33.2;22.6;31.3;106.0;68.6;85.2;41.1;26.5;9.4;40.6;83.4;28.2;62.3;;141.0;22.4;83.2;99.3;134.0;41.2
"14/07/2023 09:00";33.0;22.8;31.5;108.0;67.6;85.3;41.5;26.3;9.3;40.5;79.8;28.4;61.9;;142.0;22.4;83.8;99.4;130.0;40.7
"14/07/2023 10:00";32.8;22.4;31.8;107.0;68.4;85.2;41.2;26.6;9.3;40.3;78.6;28.5;63.0;89.7;141.0;22.1;83.1;97.8;129.0;40.6
"14/07/2023 11:00";32.8;22.1;33.3;106.0;68.0;85.4;41.0;26.6;9.3;40.4;76.3;28.5;62.6;89.7;141.0;22.2;85.0;97.8;130.0;40.5
"14/07/2023 12:00";32.9;21.8;34.2;105.0;68.3;85.4;41.1;26.5;9.3;40.7;75.7;28.5;62.7;87.4;142.0;22.1;85.2;97.7;129.0;40.5
"14/07/2023 13:00";33.0;21.5;34.4;105.0;67.8;84.9;40.7;26.8;9.2;40.7;75.4;28.5;62.1;85.7;142.0;22.1;86.7;97.3;129.0;41.0
"14/07/2023 14:00";32.8;21.4;30.6;105.0;67.7;84.9;41.1;26.8;9.2;40.9;74.3;28.5;62.2;85.2;141.0;22.0;85.2;97.1;130.0;41.0
"14/07/2023 15:00";32.4;21.7;30.3;104.0;67.2;85.2;40.9;26.3;9.2;40.2;74.0;28.7;63.1;85.3;140.0;22.0;87.6;97.3;130.0;40.9
"14/07/2023 16:00";32.8;21.6;30.5;104.0;67.5;84.7;41.1;26.2;9.2;40.4;72.8;28.6;62.9;84.8;140.0;22.0;86.3;96.6;129.0;40.6
"14/07/2023 17:00";32.7;21.2;30.4;105.0;67.2;85.1;40.8;26.2;9.2;40.0;72.6;28.6;63.4;85.0;141.0;22.1;85.5;96.9;129.0;40.9
"14/07/2023 18:00";32.6;21.7;29.9;104.0;68.3;84.8;40.8;26.7;9.0;40.7;72.2;29.1;63.0;84.3;140.0;22.5;86.7;98.0;128.0;40.7
"14/07/2023 19:00";32.3;21.4;30.1;105.0;68.0;84.9;40.7;26.5;9.0;40.6;72.5;29.6;62.8;;140.0;22.3;86.1;97.1;127.0;41.0
"14/07/2023 20:00";32.6;21.4;30.1;104.0;67.8;85.4;40.5;26.8;9.0;40.4;72.0;29.5;63.3;;140.0;22.4;85.1;96.9;129.0;40.7
"14/07/2023 21:00";32.7;21.3;30.1;105.0;67.4;85.6;41.3;26.2;8.9;40.2;72.9;29.5;62.8;;140.0;22.3;85.2;97.4;128.0;40.6
"14/07/2023 22:00";32.2;21.1;29.8;105.0;67.5;85.1;41.1;26.5;9.0;40.2;73.1;29.5;62.5;;141.0;22.4;84.5;97.4;127.0;41.1
"14/07/2023 23:00";32.6;21.3;30.2;105.0;67.9;84.8;40.9;26.7;8.9;40.3;72.8;29.7;62.9;;142.0;22.4;84.4;97.2;128.0;40.6
"15/07/2023 00:00";32.4;21.3;30.7;105.0;66.8;84.8;40.1;26.6;8.9;40.1;73.2;29.6;62.8;;142.0;22.7;83.4;97.4;128.0;40.9
"15/07/2023 01:00";32.6;21.4;31.2;106.0;66.9;85.0;40.9;26.2;8.8;40.3;73.3;29.5;62.8;;142.0;22.7;84.1;98.2;129.0;40.9
"15/07/2023 02:00";32.2;21.9;31.1;105.0;67.0;84.5;40.8;26.4;8.7;41.0;73.1;29.6;62.8;;142.0;22.3;83.7;98.3;128.0;40.6
"15/07/2023 03:00";32.8;22.0;31.0;105.0;67.1;84.7;40.7;26.6;8.6;40.4;72.7;29.7;62.5;;144.0;22.6;83.2;97.5;128.0;40.3
"15/07/2023 04:00";33.1;22.4;31.0;105.0;67.4;85.0;40.6;26.5;8.7;40.4;72.6;29.9;62.8;;142.0;22.4;83.8;97.6;127.0;41.3
"15/07/2023 05:00";32.7;21.7;31.4;106.0;67.7;85.2;40.4;26.5;8.6;40.1;73.4;29.7;62.3;;140.0;22.4;83.5;97.4;128.0;40.8
"15/07/2023 06:00";33.0;21.6;31.3;105.0;67.6;85.1;40.5;26.4;8.6;40.5;74.7;29.8;62.6;;139.0;22.7;84.1;97.9;129.0;40.6
"15/07/2023 07:00";33.1;21.6;31.7;105.0;67.2;84.7;40.3;26.1;8.5;40.0;73.5;29.9;62.6;;138.0;22.5;83.5;97.5;127.0;40.5
"15/07/2023 08:00";33.0;21.5;31.1;105.0;69.1;85.5;40.6;25.7;8.5;40.5;73.6;29.9;62.7;;138.0;22.5;83.1;97.7;126.0;40.8
"15/07/2023 09:00";33.0;21.4;31.5;105.0;68.9;84.8;40.8;26.4;8.4;40.0;72.4;30.1;62.9;;138.0;22.6;83.4;98.1;127.0;40.9
"15/07/2023 10:00";32.7;21.9;31.9;104.0;66.8;86.1;40.7;26.5;8.5;40.4;73.8;30.0;62.4;86.5;139.0;22.5;84.6;98.3;127.0;40.9
"15/07/2023 11:00";33.0;21.5;31.3;104.0;66.8;85.6;40.9;26.4;8.4;40.6;74.0;30.0;62.8;85.5;140.0;22.5;87.2;98.4;127.0;41.1
"15/07/2023 12:00";32.8;22.0;30.3;104.0;66.7;85.4;41.0;26.5;8.4;40.4;73.2;29.9;62.7;86.3;139.0;22.6;84.3;97.3;127.0;41.0
"15/07/2023 13:00";32.9;21.6;30.1;105.0;67.4;85.2;40.9;26.6;8.4;40.7;72.5;30.0;63.0;86.8;139.0;22.5;86.8;97.5;128.0;40.5
"15/07/2023 14:00";33.2;21.4;30.0;105.0;66.9;85.0;40.7;26.4;8.3;40.4;72.0;30.3;62.5;85.8;140.0;22.4;87.5;97.1;128.0;40.3
"15/07/2023 15:00";33.0;21.6;30.2;105.0;67.4;85.3;40.6;26.5;8.3;40.6;72.8;30.2;63.0;86.6;140.0;22.4;87.2;96.9;128.0;40.3
"15/07/2023 16:00";32.7;21.6;30.1;105.0;67.4;85.0;40.9;26.0;8.2;40.8;73.0;30.1;62.8;86.3;139.0;22.3;86.7;97.2;128.0;40.0
"15/07/2023 17:00";32.4;21.9;30.2;105.0;67.2;84.6;40.6;26.2;8.2;40.6;72.8;30.1;62.7;86.5;140.0;22.3;88.0;97.2;129.0;40.7
"15/07/2023 18:00";32.9;21.9;30.3;104.0;67.6;85.7;40.8;26.2;8.2;40.8;72.7;30.4;63.1;86.4;140.0;22.4;86.2;97.1;128.0;40.7
"15/07/2023 19:00";32.8;21.6;30.1;105.0;67.9;84.9;40.5;26.4;8.3;40.4;73.0;30.5;62.3;;141.0;22.5;86.6;96.9;127.0;41.0
"15/07/2023 20:00";33.1;21.9;30.2;106.0;66.7;84.8;40.3;26.4;8.2;40.2;73.5;30.5;62.8;;141.0;22.5;86.0;97.2;128.0;41.0
"15/07/2023 21:00";33.0;22.0;30.7;106.0;67.4;84.8;40.4;26.8;8.2;40.5;73.4;30.6;62.8;;141.0;22.6;85.4;97.0;128.0;40.8
"15/07/2023 22:00";32.8;21.7;30.3;107.0;67.3;85.5;40.3;25.9;8.2;40.5;73.2;30.6;62.4;;140.0;22.7;85.0;97.6;128.0;40.6
"15/07/2023 23:00";33.1;22.0;30.9;108.0;67.1;85.0;40.6;26.1;8.1;40.8;73.7;30.7;63.1;;140.0;22.7;85.0;97.8;128.0;40.6
"16/07/2023 00:00";32.9;22.0;31.1;108.0;67.2;85.3;40.9;26.7;8.2;40.7;73.5;30.8;62.6;;140.0;22.7;85.3;98.3;129.0;40.4
"16/07/2023 01:00";32.8;22.0;31.3;108.0;67.8;85.2;40.7;26.4;8.2;41.0;73.9;30.9;62.9;;140.0;22.6;85.0;99.5;130.0;40.7
"16/07/2023 02:00";32.8;22.4;32.1;109.0;68.6;85.6;40.7;26.4;8.1;40.5;74.8;30.7;62.8;;139.0;22.5;85.0;100.0;131.0;40.4
"16/07/2023 03:00";32.9;22.4;33.7;110.0;68.9;86.4;40.6;26.5;8.1;40.6;75.1;30.8;62.3;;139.0;22.4;84.8;100.0;132.0;41.0
"16/07/2023 04:00";33.4;22.2;34.7;112.0;69.9;86.8;40.9;25.9;8.1;40.9;74.8;31.3;62.6;;140.0;22.6;85.1;100.0;132.0;40.6
"16/07/2023 05:00";33.9;22.7;35.0;111.0;70.7;86.9;41.0;26.2;8.2;40.7;75.0;31.4;62.6;;140.0;22.6;84.9;101.0;135.0;40.8
"16/07/2023 06:00";33.6;22.5;34.8;111.0;71.6;87.7;40.9;26.2;8.2;40.9;76.2;31.3;63.0;;140.0;22.7;84.7;101.0;135.0;40.8
"16/07/2023 07:00";33.8;22.4;34.0;109.0;72.6;88.2;41.5;26.0;8.1;40.7;75.4;31.3;63.3;;141.0;22.7;84.9;101.0;135.0;40.7
"16/07/2023 08:00";34.1;22.7;32.5;108.0;71.7;88.9;41.8;26.5;8.0;40.2;75.0;31.5;61.7;;142.0;22.5;84.1;101.0;137.0;40.8
"16/07/2023 09:00";33.7;22.9;31.9;108.0;71.6;88.6;42.5;26.4;8.0;40.0;75.3;31.9;63.0;;142.0;22.7;84.9;101.0;133.0;40.8
"16/07/2023 10:00";33.9;22.9;30.9;108.0;71.1;88.7;43.0;26.8;8.0;40.0;74.2;31.8;63.3;92.3;141.0;22.5;83.3;102.0;132.0;40.9
"16/07/2023 11:00";34.3;23.6;30.7;107.0;70.3;88.8;42.6;26.8;8.1;40.4;73.7;31.8;62.8;89.5;143.0;22.4;86.8;102.0;131.0;41.0
"16/07/2023 12:00";34.8;23.5;31.1;107.0;69.9;88.0;42.2;26.9;8.0;39.9;73.5;32.0;62.7;88.7;148.0;22.5;85.8;101.0;130.0;40.9
"16/07/2023 13:00";34.9;23.1;31.0;106.0;70.4;88.3;42.0;26.5;8.1;40.6;74.1;32.0;63.1;88.3;150.0;22.4;86.4;101.0;130.0;40.7
"16/07/2023 14:00";34.8;22.6;30.9;107.0;69.6;87.8;41.8;26.8;8.0;41.0;74.3;32.0;62.9;87.7;150.0;22.4;86.2;100.0;129.0;40.8
"16/07/2023 15:00";34.9;22.7;31.2;106.0;68.9;88.1;42.2;26.9;8.1;40.4;73.8;31.6;62.8;88.8;149.0;22.3;86.0;99.7;129.0;40.5
"16/07/2023 16:00";35.1;22.8;30.7;106.0;68.7;87.6;41.7;26.9;8.0;40.7;74.2;31.6;62.8;89.4;149.0;22.3;88.9;98.9;129.0;40.8
"16/07/2023 17:00";34.8;22.5;31.0;110.0;68.5;87.0;42.0;26.7;7.9;40.1;74.3;31.6;62.9;90.7;146.0;22.2;89.0;99.0;129.0;40.6
"16/07/2023 18:00";34.2;22.2;31.0;110.0;68.6;86.6;41.5;27.4;8.0;40.2;73.5;31.7;62.8;93.0;146.0;22.2;88.0;99.2;129.0;41.0
"16/07/2023 19:00";33.5;22.5;31.0;109.0;67.3;86.9;41.8;26.9;8.0;40.4;73.6;31.6;62.8;92.5;145.0;22.6;86.9;99.8;130.0;40.8
"16/07/2023 20:00";33.8;22.6;31.8;111.0;67.2;86.8;41.8;27.0;7.9;40.1;73.7;31.9;62.8;;145.0;22.6;86.9;100.0;130.0;41.0
"16/07/2023 21:00";33.4;22.6;31.5;111.0;67.9;87.1;41.4;27.5;8.0;40.6;73.8;31.7;63.0;;145.0;22.7;86.4;99.0;129.0;40.7
"16/07/2023 22:00";32.8;22.5;32.1;111.0;67.4;86.6;41.8;27.2;7.9;40.5;74.3;31.9;62.4;;145.0;22.6;85.4;101.0;130.0;41.2
"16/07/2023 23:00";33.6;22.4;33.6;112.0;67.6;87.0;41.6;27.3;8.0;40.3;75.0;31.7;62.7;;146.0;22.5;85.4;103.0;132.0;41.5
"17/07/2023 00:00";33.1;22.7;33.8;112.0;68.1;88.0;41.2;27.5;8.0;40.3;75.3;31.9;62.5;;144.0;22.7;85.1;103.0;133.0;41.0
"17/07/2023 01:00";33.8;22.7;35.2;113.0;68.2;87.7;41.4;27.0;8.0;40.5;76.4;31.9;62.4;;144.0;22.4;84.9;101.0;133.0;40.9
"17/07/2023 02:00";33.9;22.8;33.9;112.0;69.1;87.9;41.4;27.0;7.9;41.1;76.3;31.5;63.0;;144.0;22.6;85.2;101.0;134.0;41.2
"17/07/2023 03:00";34.1;23.3;33.4;111.0;70.3;88.4;41.4;27.9;7.9;41.2;77.1;31.4;62.8;;143.0;22.6;85.6;101.0;138.0;41.3
"17/07/2023 04:00";34.4;23.0;32.2;112.0;71.2;89.1;41.8;27.1;8.0;40.8;78.6;31.8;63.1;;143.0;22.6;85.1;101.0;138.0;40.7
"17/07/2023 05:00";34.6;23.1;32.0;111.0;73.0;89.3;42.3;27.2;8.0;40.4;81.7;31.9;63.6;;141.0;22.8;85.6;100.0;140.0;41.2
"17/07/2023 06:00";36.1;23.4;32.0;110.0;74.7;89.7;42.9;27.6;8.0;40.9;82.8;31.4;63.3;;142.0;22.6;85.8;100.0;143.0;41.3
"17/07/2023 07:00";37.8;23.4;31.9;111.0;73.7;89.8;43.3;27.5;8.0;40.8;79.2;31.2;63.5;;142.0;22.7;85.3;100.0;142.0;41.2
"17/07/2023 08:00";38.5;23.6;31.3;111.0;75.3;90.6;43.3;27.9;7.9;40.8;74.6;31.7;63.6;;143.0;22.6;85.1;102.0;141.0;41.3
"17/07/2023 09:00";38.1;24.3;31.4;112.0;77.5;90.3;44.3;27.0;7.9;40.6;74.5;32.3;64.7;;143.0;22.6;83.5;107.0;139.0;41.3
"17/07/2023 10:00";39.0;24.2;31.4;111.0;78.2;90.2;43.8;27.3;7.9;40.7;75.0;33.0;65.3;93.4;143.0;22.5;84.4;105.0;138.0;41.8
"17/07/2023 11:00";39.0;23.6;30.8;110.0;79.5;90.3;43.7;26.7;7.9;40.0;74.1;32.3;64.3;89.1;143.0;22.5;85.3;101.0;139.0;41.9
"17/07/2023 12:00";37.7;23.6;30.6;109.0;77.5;88.3;43.3;26.4;7.9;40.1;74.4;31.5;65.3;86.8;143.0;22.3;85.6;100.0;137.0;41.8
"17/07/2023 13:00";36.9;23.1;30.3;108.0;75.2;87.1;42.4;26.8;7.9;40.7;74.6;31.3;64.4;86.8;144.0;22.3;86.5;99.2;139.0;42.1
"17/07/2023 14:00";36.3;23.3;30.7;111.0;74.9;87.2;42.4;26.5;7.9;40.4;76.3;31.8;65.4;86.7;143.0;22.1;86.8;99.5;136.0;43.0
"17/07/2023 15:00";36.4;23.2;30.4;108.0;73.8;87.2;42.5;26.5;8.0;40.5;77.9;31.6;65.6;87.6;143.0;22.3;87.3;98.8;135.0;42.6
"17/07/2023 16:00";35.7;23.0;30.8;106.0;72.3;86.9;42.1;26.2;7.9;40.7;77.9;31.9;65.0;88.0;143.0;22.3;85.8;99.5;134.0;42.9
"17/07/2023 17:00";37.8;22.7;31.8;106.0;72.4;87.2;41.2;26.7;7.9;40.6;77.9;31.7;65.3;88.0;145.0;22.3;87.2;98.7;132.0;42.7
"17/07/2023 18:00";37.9;22.8;31.9;107.0;72.3;87.1;42.8;27.3;7.9;40.4;76.9;31.6;64.4;86.2;144.0;22.4;85.8;98.9;131.0;42.7
"17/07/2023 19:00";37.4;23.1;31.8;108.0;70.0;86.2;42.8;27.3;7.9;40.5;78.3;31.6;64.2;86.2;144.0;22.5;86.2;99.1;130.0;42.6
"17/07/2023 20:00";37.2;23.0;32.4;109.0;68.9;87.3;43.9;27.0;7.9;40.0;79.8;31.9;63.9;;143.0;22.5;86.1;101.0;130.0;42.0
"17/07/2023 21:00";36.5;23.5;33.1;110.0;69.1;88.5;43.4;26.7;7.9;40.5;80.6;32.6;63.7;;141.0;22.6;85.6;101.0;130.0;42.2
"17/07/2023 22:00";35.7;24.0;32.6;109.0;68.6;88.8;43.7;28.1;7.9;40.5;80.2;33.2;63.1;;140.0;22.5;86.0;100.0;130.0;42.3
"17/07/2023 23:00";34.5;24.1;34.3;108.0;69.5;87.7;43.7;28.5;7.8;40.7;79.9;32.9;63.3;;141.0;22.5;84.5;99.1;129.0;41.7
"18/07/2023 00:00";34.1;23.9;35.5;107.0;68.6;88.0;43.4;27.7;7.8;40.7;79.8;32.8;62.7;;140.0;22.4;85.4;99.3;130.0;42.1
"18/07/2023 01:00";33.6;23.7;35.7;108.0;68.8;89.0;42.8;28.5;7.9;40.4;80.9;32.7;63.7;;141.0;22.7;85.8;98.6;130.0;42.0
"18/07/2023 02:00";33.5;24.0;35.4;108.0;68.8;87.8;43.0;28.5;7.9;40.4;85.9;32.3;62.9;;141.0;22.7;85.4;98.1;130.0;42.3
"18/07/2023 03:00";33.3;24.0;35.3;110.0;69.3;88.3;43.0;28.0;7.9;40.0;87.9;32.2;63.3;;141.0;22.6;85.1;97.6;131.0;41.8
"18/07/2023 04:00";33.2;24.2;36.3;114.0;69.1;88.8;42.5;27.9;7.8;40.8;89.5;32.4;63.0;;141.0;22.8;85.7;97.1;131.0;41.8
"18/07/2023 05:00";33.7;23.8;37.2;114.0;68.8;89.5;42.5;28.2;7.9;40.6;89.7;32.8;63.3;;142.0;22.8;85.8;98.2;131.0;42.0
"18/07/2023 06:00";33.6;24.3;39.0;113.0;68.8;89.2;42.0;28.1;7.9;41.0;90.4;32.5;62.5;;141.0;22.8;86.2;97.3;130.0;42.0
"18/07/2023 07:00";33.8;23.6;38.5;112.0;68.3;88.8;42.3;27.1;7.9;40.9;89.9;32.2;62.7;;141.0;22.6;85.6;99.1;129.0;41.6
"18/07/2023 08:00";33.7;23.1;37.6;110.0;68.5;88.9;42.5;27.3;7.8;40.5;87.5;32.3;63.1;;141.0;22.7;85.2;99.9;131.0;41.5
"18/07/2023 09:00";34.1;23.3;35.7;108.0;67.8;89.3;42.8;28.6;7.8;40.1;85.0;32.7;63.3;;142.0;22.7;84.1;99.7;131.0;41.6
"18/07/2023 10:00";34.4;25.1;33.6;108.0;68.6;87.8;43.1;29.1;7.9;40.1;84.2;32.8;62.7;94.0;148.0;22.6;86.0;98.8;131.0;41.7
"18/07/2023 11:00";33.9;25.2;33.0;107.0;68.7;87.7;43.2;29.0;7.9;40.6;82.3;33.0;62.9;88.9;150.0;22.5;86.5;100.0;130.0;41.0
"18/07/2023 12:00";33.8;24.2;31.8;107.0;68.4;87.9;42.7;29.8;7.9;40.7;82.5;32.8;63.5;87.4;148.0;22.5;85.1;98.9;130.0;41.9
"18/07/2023 13:00";33.6;23.3;32.4;106.0;68.2;86.6;43.4;28.8;7.8;40.2;79.8;31.9;62.9;86.0;144.0;22.3;87.1;98.1;130.0;41.3
"18/07/2023 14:00";33.4;22.8;32.5;106.0;68.0;86.5;42.5;28.6;7.9;40.5;79.4;31.7;63.1;86.1;146.0;22.4;86.8;98.0;132.0;41.3
"18/07/2023 15:00";33.7;24.9;31.9;106.0;68.3;87.0;42.9;28.2;7.9;40.9;78.6;32.2;63.1;86.8;144.0;22.2;85.9;98.1;131.0;41.6
"18/07/2023 16:00";33.5;23.5;33.4;105.0;68.4;86.8;43.5;28.0;7.8;40.2;76.9;32.5;63.6;86.1;144.0;22.2;85.6;97.8;132.0;41.2
"18/07/2023 17:00";33.1;23.3;34.0;105.0;68.7;87.7;42.7;27.9;7.8;40.6;77.1;33.2;63.2;86.0;143.0;22.3;88.4;98.2;134.0;41.5
"18/07/2023 18:00";33.5;25.3;34.0;106.0;69.5;87.8;46.5;27.5;7.9;41.1;77.3;33.6;63.0;86.1;141.0;22.4;90.7;97.8;132.0;41.3
"18/07/2023 19:00";33.8;24.1;34.5;105.0;68.9;88.7;44.1;28.1;7.9;40.7;76.1;32.5;63.4;86.2;141.0;22.4;89.0;97.8;131.0;41.4
"18/07/2023 20:00";34.3;22.9;34.3;106.0;69.1;88.6;42.2;28.5;7.9;40.5;76.0;32.6;63.0;;141.0;22.6;87.6;98.1;129.0;41.0
"18/07/2023 21:00";34.2;23.1;34.5;106.0;69.5;87.5;41.6;28.4;7.8;40.4;76.4;33.0;62.8;;141.0;22.7;86.9;98.1;130.0;41.0
"18/07/2023 22:00";34.5;22.7;34.4;106.0;69.5;86.5;41.2;28.2;7.9;40.4;78.7;32.6;63.1;;142.0;22.7;85.8;98.0;130.0;41.0
"18/07/2023 23:00";34.3;22.7;34.2;107.0;69.2;86.3;41.3;28.8;7.9;40.1;82.2;32.4;63.2;;141.0;22.5;86.2;97.4;130.0;41.4
"19/07/2023 00:00";34.1;22.9;34.4;105.0;69.5;86.3;41.8;29.3;7.8;40.8;85.1;32.3;62.7;;143.0;22.5;85.6;97.5;130.0;41.3
"19/07/2023 01:00";34.2;22.6;36.4;106.0;69.5;85.8;41.7;29.7;7.9;41.3;85.8;32.8;63.5;;140.0;22.9;86.2;97.4;130.0;41.1
"19/07/2023 02:00";34.0;22.7;39.4;106.0;69.5;86.1;41.9;29.9;7.9;40.8;87.9;33.1;62.8;;140.0;22.7;86.3;97.3;131.0;41.6
"19/07/2023 03:00";34.2;22.8;40.0;109.0;69.4;86.2;41.7;29.4;7.9;40.7;87.5;33.0;62.6;;141.0;22.8;86.9;97.2;131.0;42.1
"19/07/2023 04:00";33.6;22.8;38.5;110.0;70.2;87.2;41.8;29.8;7.9;40.7;87.0;33.0;63.3;;141.0;22.7;86.6;96.9;132.0;41.4
"19/07/2023 05:00";33.9;23.0;36.7;110.0;70.2;87.3;41.7;29.7;8.0;41.1;88.6;32.9;63.0;;140.0;22.8;86.4;97.8;133.0;41.3
"19/07/2023 06:00";34.3;23.1;35.1;110.0;70.8;88.5;42.0;29.3;7.8;40.9;89.7;33.0;62.9;;139.0;22.5;87.1;97.5;133.0;41.6
"19/07/2023 07:00";34.5;23.5;35.0;109.0;70.0;87.9;41.8;29.2;7.9;40.9;86.8;33.1;62.8;;140.0;22.7;85.6;97.8;133.0;41.3
"19/07/2023 08:00";34.8;24.1;35.1;109.0;71.2;88.0;41.5;28.3;7.9;41.0;84.2;29.1;63.7;;142.0;22.7;85.6;102.0;134.0;41.1
"19/07/2023 09:00";35.1;24.1;34.4;109.0;71.1;87.6;42.5;27.7;8.0;41.4;80.7;28.8;63.3;;143.0;22.7;86.1;100.0;133.0;41.6
"19/07/2023 10:00";35.1;23.6;34.1;109.0;70.7;87.2;42.4;28.1;8.0;40.6;79.7;28.8;63.3;;145.0;22.6;84.9;99.5;133.0;41.7
"19/07/2023 11:00";35.7;23.3;33.6;108.0;70.8;86.5;42.2;28.3;8.0;40.7;78.7;28.7;63.6;;146.0;22.8;86.4;98.9;133.0;41.7
"19/07/2023 12:00";35.3;23.0;34.0;108.0;70.7;86.1;42.0;28.0;7.9;40.6;78.2;28.6;63.4;;147.0;22.7;85.3;98.5;133.0;42.1
"19/07/2023 13:00";35.5;22.4;33.3;106.0;69.6;85.2;42.5;27.2;7.9;40.5;79.0;28.6;63.4;;149.0;22.4;86.4;97.9;134.0;41.4
"19/07/2023 14:00";34.8;22.2;33.0;105.0;70.3;86.0;42.0;27.3;7.9;40.7;78.7;28.6;63.7;;147.0;22.7;85.9;97.6;133.0;41.7
"19/07/2023 15:00";34.4;22.0;32.6;107.0;71.1;86.4;41.5;26.6;7.9;40.4;76.0;28.6;63.9;;146.0;22.3;85.3;98.1;132.0;41.6
"19/07/2023 16:00";35.2;21.7;31.0;107.0;71.0;86.6;41.3;26.2;7.9;40.9;76.6;28.7;64.0;;144.0;22.3;84.9;97.9;132.0;41.6
"19/07/2023 17:00";35.2;22.0;33.1;106.0;69.7;85.6;41.5;26.3;8.0;40.8;77.9;28.7;64.8;;144.0;22.3;87.1;98.1;131.0;41.3
"19/07/2023 18:00";36.5;22.0;34.0;106.0;69.4;85.8;42.2;26.6;7.9;40.1;79.0;28.7;63.8;;142.0;22.4;91.8;97.9;130.0;41.8
"19/07/2023 19:00";35.6;22.3;34.6;106.0;68.4;85.5;41.7;26.1;8.0;40.2;76.8;28.8;63.6;;143.0;22.5;90.9;98.8;130.0;42.2
"19/07/2023 20:00";34.5;22.5;32.9;108.0;68.0;86.7;42.7;26.9;8.0;40.5;76.2;28.7;62.8;;142.0;22.7;88.7;99.2;131.0;42.2
"19/07/2023 21:00";33.9;22.6;32.6;107.0;67.3;86.5;42.9;26.8;8.0;40.1;78.8;29.0;63.2;;141.0;22.9;88.2;99.9;130.0;41.6
"19/07/2023 22:00";33.2;23.4;33.0;107.0;67.9;87.0;41.7;26.7;8.0;40.6;78.1;28.9;62.8;;140.0;22.6;88.2;99.8;131.0;41.5
"19/07/2023 23:00";33.1;23.3;32.6;106.0;68.1;86.1;41.9;26.8;8.1;40.5;75.4;28.7;62.5;;141.0;22.5;86.9;98.7;130.0;41.7
"20/07/2023 00:00";32.9;23.4;32.8;106.0;67.6;86.5;42.1;26.8;8.1;39.6;75.8;28.6;62.5;;140.0;22.4;87.7;99.8;130.0;41.3
"20/07/2023 01:00";33.1;23.3;35.4;107.0;68.4;86.6;41.6;27.5;8.0;40.5;77.0;28.7;62.6;;140.0;22.6;87.0;100.0;130.0;41.5
"20/07/2023 02:00";32.7;23.0;36.7;109.0;67.9;86.8;41.8;27.8;8.1;40.7;80.4;28.6;62.5;;140.0;22.6;87.0;100.0;130.0;41.5
"20/07/2023 03:00";33.0;22.8;35.0;106.0;68.1;86.4;41.6;27.9;8.0;40.4;78.7;28.6;63.3;;140.0;22.8;87.1;101.0;131.0;41.0
"20/07/2023 04:00";32.5;22.6;34.8;108.0;68.2;86.2;41.0;27.7;8.1;40.8;82.6;28.7;62.9;;140.0;22.7;86.6;101.0;131.0;41.1
"20/07/2023 05:00";33.4;22.2;34.6;109.0;68.5;85.6;40.8;28.3;8.1;40.3;87.5;28.7;62.2;;140.0;22.8;86.5;102.0;131.0;41.4
"20/07/2023 06:00";32.8;22.7;33.6;107.0;67.8;85.8;40.3;28.1;8.2;40.5;88.9;28.7;62.9;;140.0;22.7;86.1;102.0;131.0;41.0
"20/07/2023 07:00";33.3;21.9;33.3;107.0;68.4;86.0;41.4;27.4;8.1;40.7;85.4;28.7;62.7;;140.0;22.8;86.8;101.0;132.0;40.7
"20/07/2023 08:00";33.5;22.1;32.8;107.0;68.5;86.1;40.8;27.3;8.2;40.7;79.7;28.8;62.3;;141.0;22.7;85.2;100.0;131.0;41.3
"20/07/2023 09:00";34.1;22.1;32.4;108.0;68.0;85.8;41.1;26.9;8.2;40.7;78.9;28.9;62.4;;141.0;22.6;86.3;99.1;132.0;41.4
"20/07/2023 10:00";33.9;22.1;32.0;106.0;69.1;86.2;40.9;26.6;8.2;40.5;78.1;28.6;62.5;91.9;141.0;22.6;86.8;99.4;134.0;41.1
"20/07/2023 11:00";33.5;21.9;30.9;107.0;68.9;85.5;41.0;26.9;8.2;40.6;78.1;28.7;63.1;89.5;142.0;22.6;92.8;98.2;132.0;41.1
"20/07/2023 12:00";33.4;22.0;30.7;106.0;68.6;85.6;41.1;27.2;8.2;41.0;79.3;28.7;62.7;88.3;143.0;22.7;88.3;98.1;131.0;41.0
"20/07/2023 13:00";33.1;21.3;30.4;106.0;68.2;84.9;41.4;26.9;8.2;40.4;77.8;28.8;62.6;86.8;143.0;22.4;85.6;98.1;131.0;41.2
"20/07/2023 14:00";33.1;21.6;30.3;106.0;67.6;85.5;41.1;25.9;8.2;41.0;76.5;28.7;63.1;87.0;142.0;22.6;89.3;98.0;130.0;40.7
"20/07/2023 15:00";32.8;21.6;31.2;105.0;67.7;85.9;41.0;26.7;8.2;40.2;74.3;28.7;62.7;86.1;141.0;22.6;89.5;97.6;131.0;41.1
"20/07/2023 16:00";32.4;21.9;32.3;105.0;67.4;85.9;41.0;26.6;8.2;40.7;74.8;28.8;62.7;87.1;141.0;22.5;87.2;98.1;131.0;41.0
"20/07/2023 17:00";32.7;21.5;33.9;106.0;67.7;85.3;40.9;26.2;8.2;40.4;74.5;28.7;62.6;87.1;142.0;22.7;87.8;97.6;131.0;40.5
"20/07/2023 18:00";32.7;21.5;33.7;105.0;68.2;85.3;40.7;26.6;8.2;40.4;74.6;28.6;63.1;86.9;141.0;22.7;88.0;98.0;129.0;40.9
"20/07/2023 19:00";32.4;21.7;33.5;106.0;67.6;85.5;40.1;26.3;8.2;39.3;74.2;28.6;63.0;;141.0;22.8;88.5;97.5;131.0;40.4
"20/07/2023 20:00";32.4;21.7;32.5;106.0;67.5;84.7;40.5;26.1;8.3;40.7;73.9;28.7;62.3;;141.0;22.7;89.1;97.5;130.0;40.6
"20/07/2023 21:00";32.9;21.6;32.5;106.0;67.6;85.1;40.5;26.5;8.3;40.7;74.3;28.7;62.6;;141.0;22.9;88.5;97.6;129.0;40.7
"20/07/2023 22:00";32.3;21.8;31.5;106.0;67.4;84.6;40.7;26.3;8.2;40.5;74.3;28.8;62.4;;141.0;22.8;87.2;97.7;130.0;40.8
"20/07/2023 23:00";32.4;21.5;32.0;107.0;68.0;85.0;40.9;26.6;8.3;40.6;74.7;28.8;61.8;;141.0;22.7;87.4;98.1;131.0;40.3
"21/07/2023 00:00";32.3;21.5;31.5;107.0;68.0;84.5;40.7;26.4;8.3;40.7;76.2;28.8;62.3;;140.0;22.8;86.9;97.8;131.0;40.6
"21/07/2023 01:00";33.0;22.1;31.8;107.0;68.3;85.9;40.8;26.6;8.2;40.3;76.6;28.6;63.2;;139.0;22.8;88.2;98.2;131.0;40.7
"21/07/2023 02:00";32.8;21.9;33.4;107.0;67.9;85.6;40.7;27.0;8.3;41.1;77.7;28.8;62.7;;140.0;22.7;88.4;98.8;132.0;40.9
"21/07/2023 03:00";32.7;21.9;34.4;108.0;68.9;85.3;40.8;26.2;8.3;40.7;78.3;28.8;62.4;;139.0;22.8;87.9;98.6;134.0;40.5
"21/07/2023 04:00";32.8;22.0;34.7;108.0;68.2;85.5;40.4;26.4;8.2;40.8;80.0;28.7;62.5;;140.0;22.8;88.2;98.1;135.0;40.7
"21/07/2023 05:00";33.0;21.6;34.5;107.0;69.1;84.8;40.6;26.0;8.2;40.9;81.6;28.8;62.5;;141.0;22.8;88.5;98.4;134.0;40.6
"21/07/2023 06:00";32.8;21.5;35.0;108.0;68.2;85.5;40.2;26.6;8.3;40.6;82.0;28.7;62.3;;141.0;22.6;88.0;98.7;133.0;40.6
"21/07/2023 07:00";32.9;21.7;33.9;107.0;69.0;85.5;40.6;25.9;8.3;40.9;79.3;28.7;62.9;;141.0;22.7;87.8;99.1;133.0;40.4
"21/07/2023 08:00";33.1;21.7;33.8;108.0;69.3;85.8;40.9;26.3;8.3;40.3;77.7;28.8;61.8;;141.0;22.6;88.0;100.0;135.0;40.5
"21/07/2023 09:00";33.5;21.8;32.8;109.0;69.4;86.1;40.6;26.3;8.4;40.8;76.4;28.8;62.6;;140.0;22.8;87.1;100.0;134.0;40.5
"21/07/2023 10:00";33.0;21.6;32.1;107.0;68.9;86.1;40.8;26.3;8.4;40.4;75.9;28.7;62.3;92.1;142.0;22.7;86.0;99.9;134.0;40.8
"21/07/2023 11:00";32.7;21.9;31.2;106.0;68.1;86.4;40.9;26.9;8.4;40.4;75.6;28.7;62.2;89.9;144.0;22.7;85.9;98.9;133.0;40.4
"21/07/2023 12:00";33.0;21.5;30.9;106.0;68.1;85.4;40.4;26.0;8.4;40.7;74.7;28.6;62.6;89.6;148.0;22.5;87.3;98.0;131.0;40.6
"21/07/2023 13:00";33.5;21.3;30.8;105.0;67.5;84.9;41.0;25.9;8.4;40.2;74.1;28.8;62.8;89.0;149.0;22.5;90.0;97.4;131.0;40.6
"21/07/2023 14:00";33.2;21.5;30.5;106.0;67.2;85.1;40.9;26.1;8.4;40.9;75.0;28.8;62.6;89.1;148.0;22.4;89.5;97.0;131.0;40.7
"21/07/2023 15:00";32.5;21.4;31.0;106.0;67.3;85.5;40.8;26.4;8.3;40.9;75.1;28.8;62.9;90.0;145.0;22.5;88.5;97.2;131.0;40.5
"21/07/2023 16:00";32.9;21.3;31.2;106.0;68.0;85.5;40.6;25.8;8.4;41.0;75.0;28.7;62.1;90.5;144.0;22.4;89.5;96.8;131.0;40.6
"21/07/2023 17:00";32.1;21.3;31.9;106.0;67.7;85.4;40.7;26.5;8.4;39.9;74.5;28.7;63.0;91.3;143.0;22.7;85.8;97.2;130.0;40.6
"21/07/2023 18:00";33.0;21.6;31.0;105.0;68.4;85.0;40.6;26.3;8.3;39.9;75.7;28.8;62.6;90.7;142.0;22.7;85.9;97.6;130.0;40.4
"21/07/2023 19:00";32.6;21.7;31.0;105.0;68.0;85.6;40.2;26.4;8.4;40.5;75.4;28.8;63.3;89.7;143.0;22.8;86.3;97.9;130.0;40.6
"21/07/2023 20:00";32.3;21.5;31.6;105.0;67.4;85.1;40.9;26.1;8.4;40.2;75.1;28.9;62.2;;143.0;22.7;85.2;97.2;131.0;40.7
"21/07/2023 21:00";32.2;21.7;31.9;106.0;68.0;84.9;40.3;26.8;8.3;39.9;74.9;28.7;62.5;;143.0;22.7;85.2;97.7;132.0;40.6
"21/07/2023 22:00";33.3;21.7;32.5;106.0;67.6;85.2;40.7;26.3;8.2;40.3;75.1;28.7;62.8;;144.0;22.7;84.4;97.9;132.0;41.0
"21/07/2023 23:00";32.9;21.7;32.8;107.0;67.6;85.4;40.5;26.3;8.3;40.7;74.7;28.7;62.1;;144.0;22.8;84.9;97.7;133.0;40.7
"22/07/2023 00:00";33.0;22.0;32.1;108.0;68.3;85.2;40.7;26.2;8.3;40.6;75.9;28.7;63.4;;144.0;22.6;84.4;98.3;132.0;40.5
"22/07/2023 01:00";33.2;22.2;32.1;109.0;68.2;85.0;40.8;26.4;8.2;40.6;75.4;28.7;62.5;;143.0;22.7;85.1;99.3;134.0;41.0
"22/07/2023 02:00";33.0;22.3;31.2;108.0;68.5;85.6;41.0;26.0;8.2;40.5;76.3;28.7;63.0;;143.0;22.8;84.2;98.8;134.0;40.6
"22/07/2023 03:00";33.2;22.2;31.2;110.0;69.1;85.4;41.4;26.3;8.2;40.4;75.9;28.8;62.8;;143.0;23.0;84.2;98.6;135.0;40.6
"22/07/2023 04:00";33.3;22.2;31.6;109.0;68.7;85.0;41.4;26.2;8.2;40.7;76.0;28.8;62.5;;142.0;22.9;84.1;99.7;138.0;40.5
"22/07/2023 05:00";33.4;21.6;32.0;111.0;69.2;85.8;41.3;25.9;8.1;40.2;76.5;28.8;62.6;;142.0;22.7;84.3;101.0;139.0;41.1
"22/07/2023 06:00";33.8;22.2;31.8;113.0;68.6;85.7;40.7;26.5;8.1;40.5;77.4;28.7;63.0;;142.0;22.8;84.9;101.0;140.0;40.5
"22/07/2023 07:00";34.6;22.1;31.5;116.0;70.3;85.8;40.9;26.5;8.1;40.5;76.4;28.7;63.1;;142.0;22.8;85.1;101.0;141.0;40.6
"22/07/2023 08:00";35.0;22.2;31.2;115.0;70.0;86.0;41.0;26.6;8.2;40.3;74.0;28.8;63.6;;144.0;22.8;84.6;102.0;139.0;40.8
"22/07/2023 09:00";35.8;22.1;31.6;114.0;71.3;85.9;41.5;26.4;8.1;40.7;74.1;28.9;63.9;;143.0;22.8;83.9;102.0;141.0;40.9
"22/07/2023 10:00";36.3;22.3;30.7;112.0;71.9;86.4;41.4;26.5;8.1;40.8;74.0;28.7;64.6;94.5;144.0;22.7;83.4;102.0;142.0;41.1
"22/07/2023 11:00";36.9;22.2;30.4;110.0;73.1;86.2;42.0;27.3;8.1;41.0;73.9;28.8;65.1;91.7;146.0;22.6;84.7;102.0;138.0;41.5
"22/07/2023 12:00";37.1;22.3;30.2;110.0;71.2;85.8;41.4;26.9;7.9;40.3;73.6;28.7;65.1;90.8;147.0;22.6;87.7;102.0;136.0;41.7
"22/07/2023 13:00";37.6;21.9;29.9;109.0;71.7;86.0;41.7;26.7;8.0;40.7;73.6;28.8;65.1;89.1;146.0;22.6;84.9;103.0;134.0;42.0
"22/07/2023 14:00";38.0;22.2;29.7;108.0;72.0;86.2;41.8;26.7;8.0;40.8;73.7;28.9;65.0;88.7;145.0;22.4;85.5;101.0;132.0;42.6
"22/07/2023 15:00";37.4;22.2;29.9;107.0;70.3;85.8;42.1;26.3;8.0;41.0;73.6;28.7;64.0;88.3;146.0;22.3;85.2;100.0;132.0;42.7
"22/07/2023 16:00";36.7;22.8;30.2;107.0;70.4;85.5;42.5;26.5;8.0;40.3;73.7;28.8;64.3;88.5;148.0;22.2;86.3;99.9;130.0;42.6
"22/07/2023 17:00";36.6;22.1;30.6;108.0;69.1;85.4;42.6;26.4;8.0;40.2;74.0;28.7;62.9;88.7;148.0;22.4;89.0;99.7;131.0;41.9
"22/07/2023 18:00";35.5;22.8;31.5;108.0;69.1;85.7;42.3;26.7;8.0;40.5;75.5;28.6;63.3;88.4;147.0;22.5;88.7;99.8;132.0;41.5
"22/07/2023 19:00";34.6;23.4;32.0;109.0;68.3;86.2;43.0;26.8;7.9;40.4;76.5;28.6;63.3;;146.0;22.4;87.1;100.0;129.0;41.6
"22/07/2023 20:00";34.5;23.5;32.4;110.0;67.3;86.6;42.6;26.9;7.9;40.5;77.2;28.7;62.8;;146.0;22.3;86.3;101.0;130.0;41.3
"22/07/2023 21:00";33.4;23.1;32.8;109.0;67.8;87.9;42.6;27.7;7.9;40.2;77.7;28.8;62.7;;145.0;22.7;86.3;101.0;130.0;40.5
"22/07/2023 22:00";33.0;22.7;32.1;109.0;67.3;87.5;41.9;28.3;7.9;40.7;76.9;28.9;63.4;;146.0;22.6;84.7;101.0;131.0;41.3
"22/07/2023 23:00";33.3;22.9;32.8;109.0;67.6;87.6;42.0;27.8;8.0;40.9;76.4;28.9;62.2;;145.0;22.5;84.8;101.0;132.0;40.9
"23/07/2023 00:00";32.9;22.7;32.7;110.0;67.6;87.2;42.0;28.1;7.9;40.8;76.0;28.9;62.7;;146.0;22.7;84.4;102.0;131.0;41.0
"23/07/2023 01:00";32.5;22.7;34.0;109.0;68.6;86.6;42.0;28.1;7.8;40.5;77.1;28.9;62.9;;145.0;22.8;84.2;101.0;132.0;41.1
"23/07/2023 02:00";32.5;23.1;35.4;111.0;68.0;87.4;41.7;28.1;7.9;40.8;77.8;28.8;62.5;;146.0;22.7;85.0;101.0;133.0;41.2
"23/07/2023 03:00";32.8;22.8;36.7;110.0;68.5;87.0;41.6;28.3;7.9;40.4;78.4;28.9;63.1;;145.0;22.7;84.4;101.0;132.0;40.7
"23/07/2023 04:00";33.0;23.3;37.4;110.0;68.5;87.1;41.5;28.2;7.9;40.3;82.1;28.9;63.6;;146.0;22.7;85.2;101.0;133.0;40.9
"23/07/2023 05:00";33.1;22.8;37.2;111.0;68.7;86.8;41.3;27.7;7.9;40.2;87.9;28.8;63.0;;147.0;22.8;85.3;101.0;135.0;41.2
"23/07/2023 06:00";33.2;23.3;37.6;114.0;68.8;86.8;41.4;28.4;7.9;40.5;88.8;28.9;63.0;;147.0;22.8;85.5;100.0;136.0;41.2
"23/07/2023 07:00";33.6;23.2;38.0;115.0;69.3;86.8;41.3;28.7;7.9;41.0;87.1;28.8;62.9;;146.0;22.9;84.4;101.0;136.0;40.9
"23/07/2023 08:00";33.7;23.2;37.3;113.0;68.4;87.4;41.3;28.8;7.9;40.5;86.8;28.7;63.2;;147.0;22.7;83.2;101.0;135.0;41.1
"23/07/2023 09:00";33.0;23.5;36.4;112.0;67.8;87.1;42.0;28.5;8.0;40.8;86.4;28.7;62.1;;147.0;22.6;83.2;101.0;134.0;40.9
"23/07/2023 10:00";33.6;23.2;33.2;110.0;68.4;87.4;41.8;28.4;7.9;40.7;83.7;28.9;62.7;91.4;149.0;22.8;85.1;100.0;133.0;41.4
"23/07/2023 11:00";33.8;22.7;31.9;109.0;68.6;86.8;41.7;28.0;7.9;41.0;78.3;29.1;62.5;90.4;147.0;22.6;86.3;99.4;132.0;40.7
"23/07/2023 12:00";33.3;22.8;33.2;108.0;67.9;86.9;41.9;27.6;7.9;40.6;76.8;29.0;63.1;90.2;146.0;22.5;87.2;99.3;131.0;40.8
"23/07/2023 13:00";32.9;22.6;32.8;108.0;68.1;86.4;41.4;27.6;7.8;40.3;78.6;28.7;63.1;89.8;145.0;22.5;88.0;98.5;130.0;41.1
"23/07/2023 14:00";32.8;22.2;34.4;108.0;68.1;86.2;41.4;27.6;7.8;40.7;76.8;28.8;63.1;89.0;144.0;22.4;85.2;98.8;131.0;40.2
"23/07/2023 15:00";33.2;22.1;36.2;107.0;67.7;85.6;41.7;27.2;7.8;40.8;76.5;28.8;63.3;;143.0;22.4;84.4;98.6;131.0;40.7
"23/07/2023 16:00";32.8;22.0;36.0;105.0;67.9;85.7;41.3;27.0;7.8;40.2;75.8;28.9;62.2;;142.0;22.6;86.2;97.9;131.0;40.3
"23/07/2023 17:00";32.7;21.9;39.2;105.0;67.4;85.8;40.9;26.6;7.9;40.9;75.2;28.9;62.9;;142.0;22.4;85.2;97.7;131.0;40.7
"23/07/2023 18:00";32.9;21.6;37.2;105.0;68.5;85.4;40.8;27.1;7.8;40.4;75.3;29.0;63.0;;141.0;22.7;89.0;98.0;130.0;40.7
"23/07/2023 19:00";32.8;21.6;34.2;105.0;68.0;85.1;40.8;26.8;7.7;40.6;74.4;28.7;62.7;;142.0;22.7;89.9;98.0;130.0;41.1
"23/07/2023 20:00";32.4;21.8;32.3;105.0;67.8;85.4;41.2;27.1;7.9;40.1;74.0;28.7;62.8;;142.0;22.6;87.7;98.0;130.0;40.8
"23/07/2023 21:00";32.9;22.0;31.3;106.0;68.0;85.4;40.9;26.9;7.8;40.7;74.8;28.8;63.0;;142.0;22.6;86.6;97.9;130.0;40.9
"23/07/2023 22:00";32.7;22.0;31.4;106.0;67.9;84.7;40.7;26.8;7.9;40.4;74.5;28.7;62.7;;141.0;22.7;86.0;97.7;130.0;40.7
"23/07/2023 23:00";32.4;22.1;31.3;107.0;68.2;86.3;40.7;27.1;7.8;40.6;74.6;28.7;62.8;;141.0;22.9;85.5;98.3;131.0;40.4
"24/07/2023 00:00";32.9;21.8;30.8;107.0;68.5;85.6;41.1;26.4;7.9;40.5;75.2;28.7;62.6;;141.0;22.9;84.7;97.9;131.0;40.8
"24/07/2023 01:00";32.7;22.0;31.1;107.0;68.0;85.4;40.7;26.6;7.9;40.7;76.8;28.7;63.0;;141.0;22.5;85.1;97.8;131.0;40.7
"24/07/2023 02:00";33.1;22.2;31.0;107.0;68.1;84.9;40.3;26.2;7.9;40.9;77.0;28.7;62.9;;140.0;22.7;85.3;97.8;131.0;40.5
"24/07/2023 03:00";32.7;22.4;31.2;108.0;68.7;85.4;40.6;25.9;7.8;40.7;77.7;28.8;62.4;;140.0;22.6;85.5;98.8;131.0;40.5
"24/07/2023 04:00";32.9;22.1;31.0;107.0;68.6;85.4;40.6;26.6;7.8;40.6;80.7;28.6;62.6;;140.0;22.8;85.8;98.2;131.0;40.9
"24/07/2023 05:00";32.8;21.9;31.2;108.0;68.9;85.0;40.7;26.5;7.7;40.9;80.3;28.8;62.8;;141.0;22.6;85.5;98.7;130.0;40.6
"24/07/2023 06:00";33.2;21.8;31.1;106.0;68.3;85.7;41.0;25.8;7.8;41.0;79.7;28.7;62.3;;142.0;22.8;85.2;98.9;130.0;40.6
"24/07/2023 07:00";33.4;22.1;31.1;106.0;70.4;85.4;40.7;26.4;7.8;41.1;77.2;28.7;62.4;;142.0;22.8;84.5;98.9;130.0;40.7
"24/07/2023 08:00";33.5;21.7;30.7;106.0;71.0;85.2;40.9;26.3;7.8;40.3;74.0;28.7;63.5;;140.0;22.8;83.9;99.7;130.0;40.5
"24/07/2023 09:00";32.8;21.9;31.2;106.0;68.7;85.8;41.0;26.2;7.8;40.1;74.1;28.6;63.1;;141.0;22.7;84.0;98.2;130.0;40.4
"24/07/2023 10:00";32.7;22.0;31.4;106.0;67.9;85.8;41.1;26.3;7.8;40.1;74.4;28.7;62.5;88.3;142.0;22.7;84.7;97.9;131.0;40.9
"24/07/2023 11:00";33.0;21.9;31.1;106.0;67.6;86.4;40.4;26.1;7.8;40.1;74.0;28.6;62.7;86.7;141.0;22.7;84.2;97.8;131.0;40.4
"24/07/2023 12:00";33.1;21.7;30.8;105.0;67.5;85.4;40.8;26.3;7.9;40.0;73.5;28.7;62.5;87.3;141.0;22.6;83.9;97.3;129.0;41.0
"24/07/2023 13:00";32.9;21.8;30.3;105.0;68.1;85.3;40.7;26.7;7.7;40.1;73.5;28.7;62.8;86.5;141.0;22.9;85.3;98.3;130.0;41.3
"24/07/2023 14:00";32.6;21.4;30.8;105.0;67.8;85.3;41.0;26.3;7.8;40.2;73.9;28.6;62.7;86.2;141.0;22.7;87.7;97.5;131.0;40.6
"24/07/2023 15:00";32.9;21.3;31.3;105.0;67.4;85.2;40.8;26.4;7.7;40.2;74.3;28.7;62.8;86.4;141.0;22.8;84.1;97.4;130.0;40.6
"24/07/2023 16:00";32.6;21.6;31.8;105.0;67.1;85.2;40.7;26.0;7.7;40.6;73.6;28.6;62.6;86.9;141.0;22.7;84.1;97.1;130.0;40.8
"24/07/2023 17:00";32.7;21.6;33.2;105.0;67.3;85.4;40.5;26.3;7.7;40.4;74.5;28.6;62.7;86.5;141.0;22.5;85.2;97.4;131.0;40.9
"24/07/2023 18:00";32.6;21.6;33.3;106.0;68.5;85.1;40.5;26.6;7.8;39.8;73.9;28.7;63.5;86.8;142.0;22.8;90.8;97.7;131.0;40.5
"24/07/2023 19:00";32.9;21.7;32.5;106.0;67.6;85.3;40.8;26.4;7.7;40.1;73.6;28.6;62.3;;142.0;22.9;89.1;97.8;130.0;41.1
"24/07/2023 20:00";32.7;21.7;32.3;107.0;67.5;85.7;40.7;26.2;7.8;40.8;73.9;28.5;63.1;;142.0;22.8;86.7;98.2;130.0;40.8
"24/07/2023 21:00";32.7;21.7;31.3;107.0;68.4;85.1;40.6;26.4;7.8;40.8;74.4;28.7;62.4;;142.0;22.8;87.0;97.5;130.0;40.5
"24/07/2023 22:00";33.0;21.8;31.2;107.0;67.5;85.4;40.8;26.9;7.7;41.1;73.8;28.5;63.1;;142.0;22.7;85.4;98.5;130.0;40.8
"24/07/2023 23:00";32.5;21.6;30.9;108.0;68.1;85.3;41.2;26.5;7.8;40.8;74.0;28.5;62.6;;142.0;22.9;85.2;98.8;131.0;40.5
"25/07/2023 00:00";32.8;22.3;30.6;108.0;67.9;85.4;40.6;26.8;7.8;40.9;74.5;28.6;63.0;;142.0;22.6;85.9;99.0;132.0;40.5
"25/07/2023 01:00";32.8;21.8;31.0;108.0;67.3;86.0;40.7;26.7;7.7;40.7;74.7;28.6;63.2;;142.0;22.7;84.5;100.0;132.0;40.6
"25/07/2023 02:00";32.4;21.9;30.9;108.0;68.2;86.0;41.1;26.3;7.7;40.8;75.0;28.6;63.1;;143.0;22.8;85.7;99.7;132.0;40.6
"25/07/2023 03:00";33.0;22.4;32.1;110.0;68.7;86.1;41.3;26.6;7.7;40.8;75.2;28.7;62.3;;143.0;22.8;85.3;101.0;134.0;40.6
"25/07/2023 04:00";33.0;22.7;35.3;110.0;68.1;86.8;41.3;26.6;7.8;40.5;76.0;28.6;62.5;;143.0;23.1;85.4;100.0;136.0;40.6
"25/07/2023 05:00";33.0;22.4;35.3;110.0;68.5;88.2;41.2;26.6;7.8;40.4;75.7;28.5;62.2;;142.0;23.0;85.3;100.0;137.0;40.5
"25/07/2023 06:00";33.3;22.7;35.6;110.0;68.2;87.0;41.2;26.5;7.9;40.7;75.0;28.8;62.5;;142.0;22.8;85.5;100.0;137.0;40.6
"25/07/2023 07:00";33.5;22.9;34.8;109.0;68.9;87.6;41.2;26.6;7.9;40.7;74.5;28.7;62.5;;141.0;23.0;85.1;101.0;137.0;40.4
"25/07/2023 08:00";34.1;22.4;33.7;108.0;69.4;88.1;41.1;26.6;7.7;40.8;74.2;28.8;62.9;;142.0;22.8;84.5;101.0;136.0;40.8
"25/07/2023 09:00";34.3;22.1;32.9;109.0;70.7;88.3;41.7;26.7;7.8;40.3;75.7;28.9;62.7;;141.0;22.9;85.6;101.0;135.0;40.9
"25/07/2023 10:00";34.7;22.4;32.5;110.0;70.5;88.1;41.7;27.1;7.7;40.0;75.0;28.8;63.0;91.9;143.0;22.8;86.1;101.0;134.0;41.1
"25/07/2023 11:00";35.2;22.2;32.2;109.0;70.5;87.1;41.5;26.9;7.7;40.0;74.6;28.8;62.3;91.4;146.0;22.9;84.7;100.0;132.0;40.4
"25/07/2023 12:00";35.2;21.8;32.2;108.0;71.5;88.2;41.1;27.0;7.8;40.3;74.0;28.7;62.5;89.7;147.0;22.9;86.6;100.0;133.0;40.9
"25/07/2023 13:00";35.9;22.0;31.3;108.0;71.4;88.0;41.0;26.7;7.7;40.2;73.9;28.8;62.6;89.3;148.0;22.7;88.1;101.0;133.0;41.0
"25/07/2023 14:00";36.2;22.0;30.8;108.0;71.9;87.7;41.2;26.7;7.7;40.6;74.6;28.8;62.8;88.5;148.0;22.8;89.9;100.0;133.0;40.6
"25/07/2023 15:00";35.9;22.1;30.7;107.0;70.5;86.8;41.2;26.1;7.7;40.3;73.3;28.7;62.7;88.3;145.0;22.5;87.0;100.0;133.0;40.9
"25/07/2023 16:00";35.9;22.1;30.6;107.0;69.4;86.8;41.4;26.4;7.7;40.1;73.9;28.7;62.9;88.0;144.0;22.3;87.3;99.2;131.0;41.2
"25/07/2023 17:00";35.5;22.2;30.4;109.0;69.4;86.7;41.7;26.3;7.8;40.4;73.6;28.7;63.0;88.4;145.0;22.7;86.7;99.1;131.0;40.6
"25/07/2023 18:00";35.4;22.2;30.1;112.0;69.5;86.3;42.0;26.4;7.7;40.5;74.1;28.8;62.9;88.2;146.0;22.7;89.4;101.0;131.0;40.8
"25/07/2023 19:00";34.6;22.3;30.6;111.0;68.4;86.7;41.7;26.7;7.7;40.7;74.0;28.9;63.0;;146.0;22.6;87.9;101.0;131.0;40.5
"25/07/2023 20:00";35.0;22.3;31.0;110.0;67.7;86.9;41.3;27.2;7.8;40.8;73.5;28.9;63.0;;145.0;22.8;88.2;101.0;131.0;41.2
"25/07/2023 21:00";35.1;21.9;30.8;111.0;68.0;87.1;41.8;27.2;7.8;40.4;74.0;28.9;63.2;;145.0;22.6;87.1;101.0;132.0;40.8
"25/07/2023 22:00";34.2;22.2;31.6;113.0;67.6;87.3;41.9;27.0;7.8;40.6;75.0;28.9;62.5;;145.0;22.7;86.6;101.0;133.0;40.8
"25/07/2023 23:00";34.5;22.6;32.0;111.0;68.6;87.9;42.3;26.9;7.8;40.8;74.4;29.0;62.6;;144.0;22.7;87.2;103.0;133.0;41.2
"26/07/2023 00:00";34.0;22.6;33.8;112.0;68.6;87.2;42.4;27.0;7.8;40.3;74.7;29.0;63.2;;142.0;22.8;86.1;102.0;134.0;41.0
"26/07/2023 01:00";35.1;23.0;34.8;112.0;69.6;87.7;42.5;27.1;7.8;41.3;75.5;28.9;62.9;;142.0;22.7;86.1;102.0;136.0;41.0
"26/07/2023 02:00";35.1;23.1;34.3;114.0;71.0;87.7;42.1;27.3;7.8;40.9;76.6;29.0;63.3;;143.0;22.9;87.2;101.0;137.0;41.9
"26/07/2023 03:00";34.7;23.3;33.9;114.0;71.2;88.3;42.5;27.2;7.8;40.8;77.7;29.1;63.6;;141.0;22.8;87.5;100.0;139.0;41.5
"26/07/2023 04:00";36.2;22.8;33.1;114.0;71.6;88.8;42.7;27.2;7.8;40.7;78.6;29.0;63.2;;143.0;22.9;88.3;100.0;140.0;41.3
"26/07/2023 05:00";37.5;23.1;32.5;113.0;72.1;89.5;42.9;27.5;7.8;41.0;78.9;28.9;63.6;;143.0;22.9;87.1;99.0;141.0;41.6
"26/07/2023 06:00";38.9;23.7;32.5;112.0;73.6;89.9;43.3;28.2;7.8;;79.7;29.0;64.1;;143.0;22.8;86.8;98.4;143.0;41.3
"26/07/2023 07:00";41.1;23.0;32.9;110.0;75.8;89.2;43.0;28.1;7.8;;76.7;29.1;64.3;;142.0;22.8;85.6;99.3;143.0;41.4
"26/07/2023 08:00";41.2;23.2;33.3;112.0;75.2;90.0;44.1;26.8;7.8;;75.2;29.2;64.3;;143.0;22.9;85.7;102.0;141.0;41.9
"26/07/2023 09:00";40.1;23.5;32.8;110.0;78.0;90.5;44.6;26.8;7.8;40.4;74.4;29.2;65.3;;143.0;22.8;85.1;102.0;138.0;42.1
"26/07/2023 10:00";39.9;22.7;31.5;109.0;79.7;89.8;44.9;27.0;7.8;40.4;74.5;29.1;64.8;91.3;144.0;22.7;90.6;104.0;135.0;42.2
"26/07/2023 11:00";39.1;22.6;30.6;108.0;81.1;89.3;44.3;26.6;7.8;40.5;74.1;29.1;65.0;88.2;145.0;22.6;87.4;103.0;136.0;41.8
"26/07/2023 12:00";37.5;22.6;30.0;108.0;79.0;88.1;42.9;26.9;7.7;40.5;73.9;29.1;65.8;87.6;145.0;22.7;86.7;102.0;138.0;42.6
"26/07/2023 13:00";37.5;22.4;29.6;108.0;75.5;87.5;43.5;27.2;7.8;40.6;73.6;29.0;64.1;86.9;144.0;22.6;86.3;102.0;137.0;42.3
"26/07/2023 14:00";38.0;23.0;29.7;107.0;74.3;86.9;42.6;27.3;7.8;40.6;73.2;29.0;64.8;86.8;144.0;22.4;86.7;101.0;136.0;42.5
"26/07/2023 15:00";38.0;22.8;29.7;107.0;73.3;86.9;41.5;27.2;7.8;40.6;73.3;29.0;65.7;87.4;144.0;22.3;87.1;101.0;135.0;42.6
"26/07/2023 16:00";38.1;22.9;30.4;108.0;71.4;86.8;41.8;26.7;;40.6;73.5;29.2;65.9;86.5;144.0;22.3;88.7;101.0;134.0;42.8
"26/07/2023 17:00";38.7;22.9;30.3;107.0;70.9;86.8;42.0;26.8;;40.4;74.3;29.1;64.9;87.7;146.0;22.3;86.7;99.7;134.0;42.8
"26/07/2023 18:00";38.4;22.6;30.2;109.0;69.9;86.9;42.4;27.3;;40.4;74.0;29.3;64.0;87.1;147.0;22.4;89.5;100.0;132.0;42.4
"26/07/2023 19:00";36.7;22.3;30.4;111.0;68.6;87.7;43.2;26.7;7.8;40.3;74.1;29.2;63.8;;146.0;22.5;92.0;102.0;131.0;42.2
"26/07/2023 20:00";35.0;22.7;31.2;111.0;67.9;88.9;44.0;27.5;7.8;40.5;74.2;29.2;63.7;;146.0;22.6;88.5;103.0;132.0;41.8
"26/07/2023 21:00";34.2;22.8;32.2;110.0;68.4;89.2;43.6;27.4;7.8;40.5;76.2;29.2;63.2;;146.0;22.8;87.9;102.0;132.0;41.9
"26/07/2023 22:00";32.8;23.8;32.8;111.0;67.6;88.7;43.6;27.2;7.8;40.7;76.3;29.2;63.4;;146.0;22.7;87.4;102.0;131.0;41.7
"26/07/2023 23:00";33.4;24.1;32.8;109.0;67.5;88.2;43.0;27.4;7.8;40.6;76.7;29.2;63.3;;145.0;22.6;87.0;102.0;133.0;42.4
"27/07/2023 00:00";33.2;24.3;34.1;109.0;68.8;87.6;42.6;28.0;7.8;40.3;77.2;29.4;62.5;;145.0;22.9;86.7;102.0;132.0;42.3
"27/07/2023 01:00";33.0;24.3;35.0;110.0;67.5;87.2;42.5;27.9;7.8;40.8;78.8;29.3;63.0;;145.0;22.9;86.4;102.0;132.0;41.9
"27/07/2023 02:00";33.3;23.6;35.1;110.0;68.3;86.7;41.5;28.6;7.7;40.5;78.3;29.3;63.0;;145.0;22.6;86.8;101.0;132.0;41.3
"27/07/2023 03:00";33.1;22.9;35.0;111.0;68.9;87.7;41.7;28.9;7.8;41.1;81.3;29.3;63.1;;145.0;22.7;86.4;102.0;133.0;41.3
"27/07/2023 04:00";32.9;23.0;35.5;112.0;70.6;87.6;41.3;28.6;7.7;41.1;84.7;29.4;63.5;;144.0;22.9;86.5;101.0;131.0;41.6
"27/07/2023 05:00";33.0;22.8;34.9;111.0;70.3;86.3;41.3;29.0;7.8;41.0;84.8;29.2;62.6;;144.0;22.8;86.1;100.0;133.0;41.3
"27/07/2023 06:00";33.3;22.4;34.3;108.0;70.4;86.4;41.1;30.2;7.7;40.3;87.2;29.2;62.4;;142.0;22.8;86.1;99.6;133.0;41.3
"27/07/2023 07:00";33.1;22.5;34.5;108.0;71.3;85.7;41.3;28.6;7.8;40.7;90.5;29.3;62.7;;144.0;22.9;86.0;98.5;132.0;41.3
"27/07/2023 08:00";33.0;22.5;34.2;108.0;69.6;86.2;41.1;29.2;7.8;40.0;86.4;29.4;62.7;;146.0;22.7;85.6;98.4;131.0;41.2
"27/07/2023 09:00";32.5;22.2;33.1;107.0;68.9;85.9;41.2;29.8;7.7;40.1;82.8;29.3;62.6;;149.0;22.7;86.0;98.4;130.0;40.7
"27/07/2023 10:00";32.7;22.4;32.0;107.0;67.2;86.6;41.9;29.1;7.7;40.5;84.1;29.5;62.6;95.8;152.0;22.7;85.9;98.8;130.0;41.3
"27/07/2023 11:00";32.8;21.8;32.7;107.0;67.8;86.4;41.8;28.4;7.7;40.2;81.0;29.8;62.3;91.9;146.0;22.7;85.6;98.2;131.0;41.3
"27/07/2023 12:00";32.8;22.4;34.0;107.0;67.9;86.5;41.8;27.6;7.8;40.9;80.5;29.9;62.8;90.5;145.0;22.6;90.8;97.9;132.0;40.8
"27/07/2023 13:00";32.6;22.1;33.5;106.0;67.3;85.9;41.5;27.8;7.7;40.3;77.2;30.2;63.0;90.4;143.0;22.6;86.6;98.3;130.0;41.0
"27/07/2023 14:00";32.9;22.1;35.0;105.0;67.2;85.5;41.6;28.7;7.8;40.5;75.8;30.2;62.6;88.0;143.0;22.3;90.5;97.4;131.0;40.3
"27/07/2023 15:00";32.5;22.0;34.6;106.0;67.6;85.4;41.5;28.1;7.7;40.5;75.0;30.0;63.1;;142.0;22.6;87.2;97.9;131.0;40.9
"27/07/2023 16:00";32.8;21.9;33.5;106.0;68.0;86.0;41.1;27.5;7.7;40.5;74.3;29.9;63.0;;142.0;22.4;91.5;97.3;131.0;40.7
"27/07/2023 17:00";32.9;21.7;33.0;106.0;67.5;85.5;41.2;27.3;7.7;40.5;75.7;30.0;62.9;;142.0;22.5;89.5;98.3;131.0;40.6
"27/07/2023 18:00";32.9;21.9;32.4;106.0;68.5;85.7;40.9;26.7;7.8;40.0;75.4;30.0;62.6;;142.0;22.6;90.1;98.2;132.0;40.7
"27/07/2023 19:00";32.6;21.5;31.3;105.0;67.8;85.0;40.6;26.5;7.8;41.0;74.8;30.1;61.7;;141.0;22.7;89.0;97.8;131.0;40.6
"27/07/2023 20:00";33.0;21.8;32.2;106.0;67.8;86.0;40.8;26.4;7.8;40.5;74.6;30.1;63.2;;141.0;22.8;89.6;98.4;130.0;41.1
"27/07/2023 21:00";32.8;21.5;31.8;106.0;67.8;85.1;40.9;26.6;7.7;40.9;74.2;30.1;63.0;;141.0;22.7;88.4;98.0;131.0;40.7
"27/07/2023 22:00";32.4;21.6;32.2;107.0;67.7;85.3;40.7;26.7;7.9;40.9;74.7;30.0;62.5;;140.0;22.7;87.9;97.5;131.0;40.4
"27/07/2023 23:00";32.7;22.2;32.0;107.0;67.7;85.1;40.3;26.7;7.8;40.5;75.2;30.1;62.8;;140.0;22.8;88.4;97.8;132.0;40.9
"28/07/2023 00:00";32.6;21.6;32.0;108.0;68.5;85.4;40.6;26.4;7.8;40.7;77.2;29.9;62.1;;141.0;22.8;87.8;98.7;132.0;41.1
"28/07/2023 01:00";32.6;22.1;32.2;108.0;68.8;85.3;40.8;26.7;7.7;40.8;79.0;30.2;62.5;;141.0;22.8;88.4;98.9;133.0;40.7
"28/07/2023 02:00";32.8;22.0;32.7;108.0;69.3;86.0;40.8;26.1;7.8;40.9;80.5;30.2;63.0;;141.0;22.8;87.3;98.9;132.0;40.7
"28/07/2023 03:00";32.9;22.5;33.3;108.0;68.9;85.1;40.7;26.6;7.9;40.9;83.5;30.0;62.6;;140.0;23.0;88.4;99.4;132.0;40.5
"28/07/2023 04:00";32.8;22.1;33.1;109.0;69.7;85.2;40.7;26.1;7.8;40.8;83.0;30.1;63.1;;140.0;22.9;88.7;100.0;134.0;40.5
"28/07/2023 05:00";32.6;22.4;33.3;109.0;69.3;86.2;40.3;25.9;7.7;40.8;83.2;30.0;62.6;;140.0;22.8;87.5;99.5;134.0;41.0
"28/07/2023 06:00";32.8;22.1;33.7;108.0;69.6;86.4;40.4;26.7;7.8;41.0;82.6;30.3;62.6;;141.0;22.8;88.1;99.9;135.0;40.8
"28/07/2023 07:00";33.0;22.0;35.1;109.0;70.2;86.0;40.6;26.5;7.8;41.0;82.2;30.3;62.9;;141.0;22.9;87.9;101.0;135.0;40.8
"28/07/2023 08:00";33.0;22.1;35.1;108.0;69.0;86.6;40.7;26.3;7.8;40.4;80.8;30.2;62.5;;141.0;23.0;87.0;102.0;134.0;40.9
"28/07/2023 09:00";33.3;22.0;34.2;108.0;70.5;86.9;40.9;26.5;7.7;40.6;80.9;30.1;62.8;;143.0;23.0;87.0;104.0;133.0;40.8
"28/07/2023 10:00";33.0;22.8;31.9;108.0;69.3;86.5;41.4;26.4;7.7;40.1;80.7;30.0;63.1;89.8;143.0;22.8;87.2;103.0;132.0;40.9
"28/07/2023 11:00";33.3;22.3;30.6;108.0;69.2;86.3;41.7;26.7;7.8;39.9;80.1;30.2;62.8;89.1;144.0;22.7;87.2;102.0;131.0;41.0
"28/07/2023 12:00";33.7;22.4;31.7;106.0;68.4;86.3;41.3;26.7;7.8;40.8;79.2;30.3;62.2;89.5;143.0;22.6;86.7;100.0;132.0;40.9
"28/07/2023 13:00";33.9;21.7;31.6;106.0;68.4;86.0;41.5;26.6;7.8;40.9;75.4;29.5;63.1;90.2;144.0;22.7;88.9;99.5;132.0;40.6
"28/07/2023 14:00";34.0;21.8;30.8;106.0;68.0;86.7;41.5;26.9;7.7;40.6;73.4;28.2;63.1;89.2;145.0;22.8;87.8;98.6;131.0;41.3
"28/07/2023 15:00";34.1;21.7;31.3;106.0;67.5;85.6;41.4;26.7;7.7;41.1;74.1;28.3;62.4;88.1;145.0;22.6;87.9;97.9;132.0;40.8
"28/07/2023 16:00";33.1;21.9;30.9;106.0;67.8;85.5;41.0;26.0;7.7;40.5;74.4;28.2;62.7;87.2;143.0;22.6;90.0;97.6;132.0;40.7
"28/07/2023 17:00";33.0;21.7;31.0;106.0;68.0;85.4;41.0;26.1;7.7;40.7;74.9;28.0;62.9;87.4;141.0;22.4;90.4;97.9;130.0;40.5
"28/07/2023 18:00";32.8;21.9;31.3;106.0;68.4;85.1;41.3;26.4;7.7;41.0;73.3;28.2;62.9;87.1;142.0;22.6;90.7;98.6;130.0;40.7
"28/07/2023 19:00";33.1;21.8;30.7;106.0;67.6;85.7;40.9;26.7;7.8;40.3;73.2;28.0;63.1;;141.0;22.7;89.5;98.2;131.0;41.0
"28/07/2023 20:00";32.8;21.9;30.4;106.0;67.2;85.7;41.0;26.6;7.8;40.4;73.7;28.0;62.5;;141.0;22.7;89.8;98.2;130.0;40.6
"28/07/2023 21:00";32.7;21.9;30.3;105.0;67.6;85.2;41.0;27.2;7.8;40.5;73.4;28.1;63.1;;141.0;22.6;89.6;98.0;131.0;40.3
"28/07/2023 22:00";32.6;22.0;30.8;105.0;67.3;84.8;40.2;26.8;7.8;40.9;74.0;28.4;62.7;;140.0;22.6;89.4;97.7;130.0;40.7
"28/07/2023 23:00";33.0;21.8;31.0;105.0;68.0;85.1;40.7;26.8;7.7;40.8;74.5;28.2;63.1;;140.0;22.7;89.6;97.7;131.0;40.7
"29/07/2023 00:00";33.2;22.0;31.2;106.0;68.0;85.6;41.2;26.4;7.7;40.4;74.6;28.3;62.9;;141.0;22.8;88.6;98.2;131.0;40.7
"29/07/2023 01:00";33.0;21.9;31.2;106.0;68.9;85.1;40.6;26.0;7.8;40.7;75.7;28.3;61.8;;141.0;22.7;89.9;98.6;131.0;40.4
"29/07/2023 02:00";33.2;22.6;31.8;107.0;68.7;85.2;40.7;26.0;7.7;40.8;77.8;28.3;63.2;;141.0;22.6;89.2;98.4;130.0;40.8
"29/07/2023 03:00";33.9;22.6;31.7;107.0;69.5;85.6;41.0;26.5;7.7;41.2;81.4;28.4;62.9;;142.0;22.7;88.8;98.1;131.0;41.0
"29/07/2023 04:00";33.6;22.7;31.3;108.0;70.5;86.4;40.8;26.6;7.7;41.0;83.9;28.3;62.8;;141.0;22.8;87.7;98.7;132.0;40.8
"29/07/2023 05:00";34.0;22.2;30.9;109.0;70.5;85.6;41.1;26.0;7.7;40.7;85.2;28.5;63.0;;140.0;22.8;87.8;98.2;129.0;40.8
"29/07/2023 06:00";34.2;22.0;32.4;110.0;69.9;86.1;41.1;26.3;7.8;41.4;85.0;28.6;63.0;;141.0;22.9;87.5;98.1;129.0;41.2
"29/07/2023 07:00";34.0;22.2;31.3;112.0;70.8;85.3;41.0;25.9;7.7;40.5;83.5;28.8;63.0;;141.0;22.7;87.6;99.3;129.0;41.0
"29/07/2023 08:00";33.8;22.5;32.3;109.0;70.0;86.2;40.8;26.5;7.7;40.6;80.2;28.7;63.1;;139.0;22.8;86.6;101.0;128.0;41.2
"29/07/2023 09:00";33.7;22.4;32.4;107.0;67.9;86.1;41.1;26.3;7.7;40.4;79.7;28.5;62.9;;141.0;22.9;86.0;102.0;128.0;40.8
"29/07/2023 10:00";33.6;22.2;31.9;106.0;67.8;85.5;41.0;26.4;7.7;40.2;78.5;28.4;62.9;;141.0;22.6;87.0;98.8;128.0;41.3
"29/07/2023 11:00";33.3;22.0;31.9;105.0;67.8;85.3;41.5;26.2;7.7;40.5;76.1;28.5;63.1;;142.0;22.4;88.3;98.9;129.0;41.0
"29/07/2023 12:00";33.0;21.9;31.4;105.0;67.7;85.2;40.9;26.9;7.7;41.0;74.4;29.0;63.0;;143.0;22.5;89.0;97.4;129.0;41.3
"29/07/2023 13:00";33.2;21.6;31.0;105.0;67.9;84.9;40.6;26.3;7.7;40.7;73.7;28.8;63.2;;144.0;22.6;89.5;97.6;130.0;40.8
"29/07/2023 14:00";33.4;21.7;31.1;106.0;68.2;85.6;40.7;26.5;7.7;40.9;74.0;28.6;62.4;;143.0;22.4;87.7;97.5;129.0;40.8
"29/07/2023 15:00";33.2;21.7;31.6;105.0;67.5;85.1;41.1;26.8;7.7;40.4;73.8;28.5;62.6;;142.0;22.3;88.4;97.6;129.0;40.7
"29/07/2023 16:00";33.2;22.0;31.3;104.0;67.8;85.4;40.8;26.6;7.7;40.5;73.7;28.6;63.2;;141.0;22.5;86.4;96.8;130.0;40.5
"29/07/2023 17:00";33.1;21.8;30.9;105.0;67.8;85.7;40.9;26.5;7.7;40.5;74.3;29.0;63.3;;142.0;22.2;87.1;97.5;131.0;41.2
"29/07/2023 18:00";32.9;21.6;31.1;105.0;68.4;85.4;41.1;25.8;7.7;40.6;73.9;28.9;62.2;;142.0;22.5;91.8;97.7;130.0;40.7
"29/07/2023 19:00";33.1;21.7;31.5;105.0;68.2;85.1;40.9;26.6;7.7;40.6;74.2;28.8;63.5;;143.0;22.5;95.6;98.0;130.0;41.1
"29/07/2023 20:00";33.5;21.7;31.7;106.0;68.0;85.2;40.7;26.6;7.7;40.3;74.5;28.8;62.8;;142.0;22.7;91.5;98.1;130.0;41.4
"29/07/2023 21:00";32.7;21.8;31.7;106.0;67.3;85.2;40.8;26.3;7.7;41.0;74.2;28.7;62.7;;141.0;22.8;89.7;98.7;130.0;40.9
"29/07/2023 22:00";33.2;22.1;31.9;107.0;67.6;85.5;40.9;26.3;7.8;40.9;74.8;29.0;62.9;;140.0;22.7;88.8;98.7;130.0;41.0
"29/07/2023 23:00";33.4;21.7;31.5;107.0;67.8;85.7;41.1;26.3;7.6;40.8;75.1;29.1;62.8;;141.0;22.7;88.6;98.5;131.0;41.2
"30/07/2023 00:00";33.2;22.1;31.8;109.0;67.9;86.1;40.9;26.4;7.7;41.0;75.4;28.9;62.6;;141.0;22.6;89.2;100.0;133.0;41.3
"30/07/2023 01:00";33.1;21.9;32.5;109.0;68.0;85.3;40.9;26.6;7.7;40.8;75.6;28.7;62.9;;141.0;22.6;89.5;100.0;133.0;41.0
"30/07/2023 02:00";33.3;22.5;35.1;109.0;68.9;85.4;41.0;26.4;7.6;41.1;75.6;28.8;62.5;;140.0;22.6;90.2;102.0;133.0;41.4
"30/07/2023 03:00";33.3;22.8;35.1;110.0;68.4;86.1;40.9;27.0;7.7;40.9;76.5;28.8;62.9;;140.0;22.8;89.2;102.0;136.0;40.7
"30/07/2023 04:00";33.3;22.6;34.9;110.0;69.3;85.5;41.1;27.0;7.7;41.2;76.7;29.1;62.7;;140.0;22.8;88.6;102.0;137.0;41.2
"30/07/2023 05:00";34.0;22.6;34.7;110.0;70.6;87.1;41.1;27.2;7.7;40.8;76.9;28.6;63.3;;140.0;22.8;89.1;101.0;136.0;41.2
"30/07/2023 06:00";33.9;22.5;34.2;110.0;71.1;87.6;41.2;27.6;7.7;41.0;78.3;28.7;63.0;;141.0;22.8;88.6;99.6;137.0;41.1
"30/07/2023 07:00";34.2;22.7;34.4;112.0;71.6;87.5;41.3;27.2;7.7;40.3;77.7;28.7;62.3;;140.0;22.4;88.2;101.0;141.0;41.4
"30/07/2023 08:00";34.5;23.0;34.0;112.0;71.1;87.1;42.1;26.6;7.7;40.5;77.3;28.8;62.4;;142.0;22.7;87.1;103.0;142.0;41.5
"30/07/2023 09:00";34.5;22.7;32.2;110.0;70.1;87.7;41.6;26.9;7.7;40.5;76.3;29.0;63.6;;144.0;22.8;86.8;104.0;140.0;40.6
"30/07/2023 10:00";34.9;22.2;32.0;108.0;70.3;87.9;41.6;26.8;7.7;40.3;75.4;29.3;62.5;91.4;144.0;22.7;87.5;102.0;136.0;41.2
"30/07/2023 11:00";35.1;22.3;30.7;109.0;70.4;88.3;41.4;26.9;7.6;40.0;76.2;29.7;63.6;90.2;146.0;22.8;90.2;100.0;133.0;41.1
"30/07/2023 12:00";35.5;22.2;30.7;107.0;69.8;87.2;41.1;26.8;7.7;40.0;74.9;29.5;63.0;88.7;154.0;22.7;90.1;98.6;130.0;41.1
"30/07/2023 13:00";35.3;22.1;30.1;107.0;69.9;85.9;40.9;27.4;7.6;40.5;74.6;29.0;63.1;89.7;152.0;22.4;88.5;97.6;132.0;40.8
"30/07/2023 14:00";35.1;21.8;30.7;107.0;70.7;86.4;41.3;27.0;7.7;40.2;74.5;28.8;63.0;90.9;150.0;22.7;89.1;98.1;130.0;41.3
"30/07/2023 15:00";35.2;22.0;31.3;108.0;67.8;85.5;40.9;26.6;7.6;40.3;76.1;28.8;62.9;92.0;147.0;22.4;87.8;98.2;131.0;40.9
"30/07/2023 16:00";33.8;21.3;32.1;107.0;68.2;85.5;41.6;26.9;7.6;40.8;78.1;28.9;62.6;93.0;145.0;22.5;89.4;97.9;130.0;40.9
"30/07/2023 17:00";33.5;21.8;31.7;106.0;68.6;86.4;41.8;26.8;7.6;40.5;78.4;28.9;63.0;93.4;146.0;22.3;89.4;99.4;130.0;40.8
"30/07/2023 18:00";32.9;21.8;32.0;106.0;69.0;85.8;41.5;26.6;7.6;40.4;78.2;28.8;63.5;92.5;146.0;22.4;92.9;98.9;130.0;41.1
"30/07/2023 19:00";33.4;21.9;31.5;106.0;67.8;86.1;40.9;26.7;7.6;40.1;78.4;28.7;63.1;;146.0;22.5;94.5;98.8;131.0;40.7
"30/07/2023 20:00";33.0;21.7;32.2;107.0;67.3;85.8;40.8;26.6;7.7;40.8;78.3;29.0;62.7;;146.0;22.6;91.9;98.3;130.0;41.1
"30/07/2023 21:00";33.1;22.1;32.1;107.0;67.8;84.9;40.8;26.7;7.7;40.3;77.3;29.1;62.7;;144.0;22.6;90.3;98.0;131.0;40.9
"30/07/2023 22:00";32.9;22.1;32.0;107.0;67.8;85.5;40.9;26.8;7.7;40.8;77.3;29.1;62.9;;143.0;22.8;90.1;97.6;131.0;40.6
"30/07/2023 23:00";33.2;22.4;32.1;108.0;67.6;85.3;40.7;27.0;7.7;40.4;76.9;29.0;62.1;;143.0;22.8;90.4;98.1;131.0;40.7
"31/07/2023 00:00";33.2;22.3;32.9;107.0;67.6;85.0;40.6;26.6;7.7;40.6;76.9;28.9;62.7;;143.0;22.9;89.2;99.5;131.0;41.1
"31/07/2023 01:00";33.0;21.8;33.6;108.0;68.3;85.5;40.6;26.7;7.7;40.3;76.7;29.0;62.9;;142.0;22.8;89.5;102.0;132.0;40.7
"31/07/2023 02:00";32.6;22.3;35.8;108.0;68.5;85.4;40.7;26.3;7.6;40.8;79.4;29.0;63.1;;142.0;22.8;89.7;103.0;131.0;40.6
"31/07/2023 03:00";32.7;22.4;36.3;109.0;68.6;86.0;40.8;26.5;7.7;41.0;83.4;29.1;62.6;;141.0;23.0;89.8;102.0;132.0;40.9
"31/07/2023 04:00";33.4;22.0;35.2;109.0;68.9;86.7;40.9;26.2;7.7;41.1;86.5;29.0;62.5;;140.0;22.9;89.3;103.0;136.0;41.3
"31/07/2023 05:00";33.1;22.1;35.2;110.0;68.3;87.3;40.6;26.5;7.6;41.3;90.9;29.1;62.9;;141.0;23.1;88.5;104.0;136.0;41.1
"31/07/2023 06:00";33.5;21.9;34.8;109.0;69.4;86.4;40.8;26.5;7.7;41.1;93.2;29.2;62.9;;143.0;22.8;88.7;103.0;135.0;40.8
"31/07/2023 07:00";34.5;22.1;36.0;109.0;68.2;87.4;41.6;26.2;7.6;41.6;87.6;29.2;62.2;;145.0;22.9;90.0;103.0;134.0;41.0
"31/07/2023 08:00";34.9;22.4;36.1;112.0;69.6;86.9;42.0;26.1;7.6;41.2;85.0;29.2;62.6;;144.0;22.7;89.6;103.0;134.0;40.9
"31/07/2023 09:00";35.9;22.9;32.3;110.0;69.3;87.3;42.4;26.4;7.6;40.6;80.4;29.2;63.8;;143.0;22.8;87.0;102.0;135.0;41.4
"31/07/2023 10:00";35.7;22.3;31.6;111.0;71.0;87.5;42.4;26.5;7.7;40.5;79.1;29.2;62.3;94.4;142.0;22.7;86.9;102.0;134.0;41.3
"31/07/2023 11:00";35.2;22.4;31.8;109.0;69.5;89.1;43.1;26.5;7.6;40.2;78.4;29.2;62.6;92.6;142.0;22.6;89.7;101.0;131.0;40.3
"31/07/2023 12:00";34.6;22.4;32.1;109.0;68.4;88.0;42.4;25.9;7.6;40.8;76.8;29.2;63.5;91.1;144.0;22.8;94.0;101.0;131.0;40.8
"31/07/2023 13:00";34.0;22.3;31.6;108.0;68.3;87.8;42.9;26.4;7.7;41.0;76.1;29.2;62.7;89.8;144.0;22.6;88.1;101.0;132.0;41.0
"31/07/2023 14:00";33.3;22.1;31.0;107.0;67.9;88.0;41.2;26.5;7.7;40.7;76.8;29.2;63.1;90.8;144.0;22.4;94.8;100.0;132.0;40.9
"31/07/2023 15:00";33.4;21.7;31.2;107.0;67.8;87.2;41.3;26.2;7.7;40.6;78.6;28.6;63.5;91.4;145.0;22.4;90.1;99.0;131.0;41.0
"31/07/2023 16:00";33.4;21.2;30.7;107.0;67.9;86.6;41.0;26.3;7.6;40.7;79.3;28.7;63.5;91.2;144.0;22.6;88.3;98.3;131.0;40.9
"31/07/2023 17:00";33.2;21.8;31.7;105.0;68.2;85.7;40.9;26.3;7.6;40.6;78.3;28.7;63.0;89.5;143.0;22.5;89.5;98.6;131.0;40.7
"31/07/2023 18:00";32.9;21.6;33.8;106.0;68.4;85.3;40.8;26.9;7.6;40.8;76.2;28.6;62.9;88.3;142.0;22.6;87.8;97.6;130.0;40.3
"31/07/2023 19:00";32.9;21.7;33.0;106.0;68.6;85.1;40.8;27.0;7.6;40.8;74.9;28.7;62.9;;142.0;22.8;88.8;98.1;130.0;40.7
"31/07/2023 20:00";33.2;21.6;31.6;106.0;67.8;85.2;40.7;26.5;7.6;41.0;74.2;29.1;63.0;;142.0;22.8;88.1;98.6;130.0;40.3
"31/07/2023 21:00";33.1;21.2;31.4;106.0;67.7;85.7;40.7;26.3;7.7;40.5;74.8;29.2;62.8;;141.0;22.8;88.2;97.7;130.0;40.8
"31/07/2023 22:00";32.9;21.6;32.2;108.0;67.9;85.2;40.8;26.3;7.7;40.8;75.3;29.2;63.2;;141.0;23.1;87.9;98.3;131.0;40.7
